k,t,x,y,z
0,0,-757.995241569114,-1147.18795495093,-2468.13927584143
1,0.00393258426966292,-758.692646139081,-1147.58059224257,-2467.40054684758
2,0.00786516853932584,-758.444981501936,-1146.79515069441,-2468.40342149436
3,0.0117977528089888,-758.595523414713,-1146.45591030983,-2469.30268800949
4,0.0157303370786517,-756.805805453561,-1146.21435407815,-2466.52803473683
5,0.0196629213483146,-757.508935931926,-1146.35837782638,-2464.91755843465
6,0.0235955056179775,-756.891394583923,-1145.87439170312,-2466.58283663734
7,0.0275280898876404,-756.489515955832,-1145.65653811146,-2465.98661701495
8,0.0314606741573034,-754.998740451672,-1147.59130721407,-2464.58698423797
9,0.0353932584269663,-759.474995265381,-1147.48484435442,-2472.66606596634
10,0.0393258426966292,-755.401410275705,-1146.47151107689,-2465.95182517985
11,0.0432584269662921,-754.609767603241,-1143.52228786753,-2464.0819389744
12,0.047191011235955,-752.81178724239,-1145.17437870862,-2462.40206728566
13,0.051123595505618,-753.510724632381,-1145.41412007727,-2460.96216704256
14,0.0550561797752809,-752.707411551637,-1144.7756654041,-2460.65949092527
15,0.0589887640449438,-751.932399480759,-1145.71305979039,-2458.61797379108
16,0.0629213483146067,-753.023929835015,-1146.10125782579,-2459.27062464519
17,0.0668539325842697,-751.469959058008,-1145.12798323509,-2454.94671818274
18,0.0707865168539326,-750.072214789038,-1143.86741357607,-2457.76945785897
19,0.0747191011235955,-753.74158953351,-1143.22926225482,-2455.77387747352
20,0.0786516853932584,-748.957325292483,-1142.97187432759,-2457.43238583263
21,0.0825842696629213,-750.143935823462,-1142.7210619949,-2456.2138074789
22,0.0865168539325843,-749.391009554941,-1143.13269256251,-2454.65923634471
23,0.0904494382022472,-746.582674032958,-1140.89424306763,-2452.33889082708
24,0.0943820224719101,-747.920786136318,-1140.59348569085,-2453.30587444106
25,0.098314606741573,-750.681825256827,-1142.08397177173,-2446.65682823095
26,0.102247191011236,-747.241782923229,-1139.05260238544,-2449.71783063193
27,0.106179775280899,-745.316456283776,-1140.81038798424,-2453.06093447121
28,0.110112359550562,-743.977766454839,-1140.48333727026,-2450.30726417471
29,0.114044943820225,-747.429921470728,-1140.15802502835,-2457.47388215416
30,0.117977528089888,-743.466994872355,-1138.74737529673,-2450.1481108738
31,0.121910112359551,-743.599403613199,-1138.06165202019,-2446.55610513294
32,0.125842696629213,-743.674641810037,-1138.33565542855,-2446.42088910552
33,0.129775280898876,-744.817526159189,-1138.81333131163,-2446.35004476358
34,0.133707865168539,-740.536469302126,-1136.02378517065,-2447.94574862376
35,0.137640449438202,-741.224981244181,-1137.36327111312,-2448.52094568046
36,0.141573033707865,-740.283312023899,-1137.14821718696,-2444.41902634477
37,0.145505617977528,-740.276575530183,-1138.86216518332,-2443.51875856414
38,0.149438202247191,-739.934821616705,-1137.70726231306,-2444.50602515508
39,0.153370786516854,-737.486654302313,-1138.59228475589,-2438.10281767727
40,0.157303370786517,-740.914926352896,-1136.61113613426,-2444.22348545638
41,0.16123595505618,-742.093556927224,-1139.19813976426,-2443.81814668327
42,0.165168539325843,-738.42274817166,-1137.27534658657,-2442.80278465958
43,0.169101123595506,-740.248803577259,-1139.60773562868,-2444.16799134159
44,0.173033707865169,-739.382830510268,-1138.1524551845,-2442.08625624943
45,0.176966292134831,-740.359501563982,-1136.67859026265,-2442.51848652146
46,0.180898876404494,-737.487885406112,-1135.40828354664,-2441.56361358579
47,0.184831460674157,-735.95410362084,-1134.91060063794,-2432.22099023807
48,0.18876404494382,-739.882324067171,-1138.30371599713,-2440.03135709645
49,0.192696629213483,-737.365365031173,-1136.63857873219,-2439.07956849449
50,0.196629213483146,-738.717877632431,-1138.11580406874,-2440.45295404881
51,0.200561797752809,-738.200719450153,-1138.470631769,-2439.63359002917
52,0.204494382022472,-736.870571318007,-1137.21914964446,-2439.24648258154
53,0.208426966292135,-736.843502988008,-1141.1615590406,-2440.34022605623
54,0.212359550561798,-735.048494562108,-1139.56871947355,-2437.91747956785
55,0.216292134831461,-737.710756986676,-1143.76191730174,-2441.12159759008
56,0.220224719101124,-739.040557241412,-1141.86743717465,-2438.95453547934
57,0.224157303370787,-733.967929271849,-1145.42362260903,-2437.78815767731
58,0.228089887640449,-733.816261769182,-1144.95033422473,-2437.57311828039
59,0.232022471910112,-730.88689610729,-1146.17270981196,-2436.79906517058
60,0.235955056179775,-730.034702404776,-1150.22053679607,-2435.17189398314
61,0.239887640449438,-730.662255707809,-1153.73699305715,-2433.81650552974
62,0.243820224719101,-725.163798252709,-1155.26998821381,-2433.33023138719
63,0.247752808988764,-724.014014230521,-1160.1383172352,-2433.25883621191
64,0.251685393258427,-709.608605234357,-1170.46533894121,-2424.53628727007
65,0.25561797752809,-707.550314460818,-1175.71635020582,-2431.87533430541
66,0.259550561797753,-695.905020371418,-1184.12710028913,-2429.47178452424
67,0.263483146067416,-675.646171573046,-1199.50843932168,-2429.15183869655
68,0.267415730337079,-661.797835077798,-1208.34565525244,-2430.91974312253
69,0.271348314606742,-632.434050729392,-1215.11838329088,-2431.45433359294
70,0.275280898876405,-575.037488450312,-1220.0412300935,-2437.17996857409
71,0.279213483146067,-520.914133343145,-1196.23154951631,-2436.46448633719
72,0.28314606741573,-495.247327111577,-1176.88417909918,-2424.56147947719
73,0.287078651685393,-483.274541584994,-1161.33584804669,-2406.17880655936
74,0.291011235955056,-478.524578451088,-1158.2865039948,-2390.65570785503
75,0.294943820224719,-475.830279695878,-1160.44068992471,-2383.95824953943
76,0.298876404494382,-453.701363925285,-1171.46292383185,-2374.64314299633
77,0.302808988764045,-445.608368401894,-1167.40432884898,-2368.82208167381
78,0.306741573033708,-430.32459096106,-1161.22982560917,-2371.24732202333
79,0.310674157303371,-413.518973965199,-1150.12458998544,-2370.4911927263
80,0.314606741573034,-400.233164124614,-1139.01998881325,-2360.53715758368
81,0.318539325842697,-388.124152861538,-1126.98988728689,-2349.37613398561
82,0.32247191011236,-378.06106575235,-1116.40217904964,-2342.53608515556
83,0.326404494382022,-373.894555473432,-1106.02431777637,-2337.93374033352
84,0.330337078651685,-373.419850405577,-1096.79625021576,-2331.27143028785
85,0.334269662921348,-368.753462783676,-1092.14317644972,-2324.01469456919
86,0.338202247191011,-367.178483098295,-1088.1842631795,-2323.5248501492
87,0.342134831460674,-368.71390835468,-1086.28301102286,-2325.06241611064
88,0.346067415730337,-369.764842055197,-1087.43861147187,-2326.4914217881
89,0.35,-367.878335093186,-1085.54297192645,-2327.03092645824
90,0.352173913043478,-368.181651248522,-1087.31481430755,-2326.63473387021
91,0.354347826086956,-369.128499545616,-1086.76314248194,-2328.14421523179
92,0.356521739130435,-371.702769548529,-1087.76257566762,-2329.56307067525
93,0.358695652173913,-372.926525478667,-1087.6495723284,-2329.97514888044
94,0.360869565217391,-373.287963038354,-1088.00538363224,-2331.39173294983
95,0.36304347826087,-374.438087147111,-1088.3224915321,-2330.74975800671
96,0.365217391304348,-374.268334698686,-1087.98938940759,-2329.63132227946
97,0.367391304347826,-373.595794636523,-1087.1792336253,-2330.14236959077
98,0.369565217391304,-374.429552244152,-1088.13117396718,-2331.25624074818
99,0.371739130434783,-375.577238980329,-1088.50085092866,-2330.97139620658
100,0.373913043478261,-376.062947902036,-1089.88312092834,-2330.16184854849
101,0.376086956521739,-374.97204997929,-1090.03749212835,-2329.65001472505
102,0.378260869565217,-374.931515103339,-1088.91183739103,-2330.27544113977
103,0.380434782608696,-374.221217202926,-1089.30374052793,-2328.98955524457
104,0.382608695652174,-373.51511395674,-1089.3755458233,-2328.52087218541
105,0.384782608695652,-372.719045621384,-1087.35211725986,-2328.16760735261
106,0.38695652173913,-374.401317458248,-1085.07588332676,-2328.78124365745
107,0.389130434782609,-373.891270936015,-1082.8714147959,-2324.82402983666
108,0.391304347826087,-372.284331361556,-1085.60619924663,-2329.19742470942
109,0.393478260869565,-372.391512343401,-1086.4521302667,-2330.9443250502
110,0.395652173913043,-369.620102512173,-1082.74398416104,-2325.21846621503
111,0.397826086956522,-369.193473253026,-1083.62245431057,-2325.28531447817
112,0.4,-368.122343759954,-1083.88824702275,-2326.08424439276
113,0.402173913043478,-368.18498921203,-1084.38573961456,-2327.61363706126
114,0.404347826086957,-368.347510198938,-1084.68014608286,-2327.41407480624
115,0.406521739130435,-368.189667039668,-1084.43492050759,-2327.18920624282
116,0.408695652173913,-369.0029196955,-1083.01319339571,-2328.09660188077
117,0.410869565217391,-369.468591039747,-1081.80526402922,-2326.51429470881
118,0.41304347826087,-368.612102568302,-1081.65132805356,-2326.35047485364
119,0.415217391304348,-369.231276136024,-1080.40369237481,-2327.82987539974
120,0.417391304347826,-368.885682482723,-1079.91326676278,-2329.23028300048
121,0.419565217391304,-368.164359500953,-1079.74810145976,-2329.85154783396
122,0.421739130434783,-367.985840614941,-1080.95563163166,-2329.85029410135
123,0.423913043478261,-369.133749286412,-1082.67429218523,-2328.74548775071
124,0.426086956521739,-369.985064937065,-1083.87034030856,-2328.00506329962
125,0.428260869565217,-369.964643354482,-1087.63487757567,-2325.22434564412
126,0.430434782608696,-374.850870183394,-1086.10957454443,-2332.19781933649
127,0.432608695652174,-377.990316197039,-1085.30217303689,-2336.04414605708
128,0.434782608695652,-374.209208591047,-1084.54408932961,-2329.3606518277
129,0.43695652173913,-375.08369920835,-1084.86257491371,-2329.96906253333
130,0.439130434782609,-376.294199394901,-1085.0871822779,-2330.84448634854
131,0.441304347826087,-374.318748466379,-1085.31881310355,-2329.78971549114
132,0.443478260869565,-373.564947495769,-1085.42051193467,-2329.27104840891
133,0.445652173913043,-375.10484692389,-1085.62636726028,-2330.74787087894
134,0.447826086956522,-375.901649057104,-1085.81481263227,-2331.19805461461
135,0.45,-375.249468016092,-1086.20838579183,-2330.11784587855
136,0.452173913043478,-376.216842602599,-1085.71004222491,-2330.0090992843
137,0.454347826086957,-376.960649331518,-1084.65794310314,-2332.13445451571
138,0.456521739130435,-377.731990399568,-1084.7873495721,-2333.81012345709
139,0.458695652173913,-376.785486322165,-1085.82283775554,-2332.03963337959
140,0.460869565217391,-376.411160873653,-1086.10198585786,-2332.79550861937
141,0.46304347826087,-376.440736931357,-1086.16401683318,-2331.22573616213
142,0.465217391304348,-376.060057041575,-1085.96447425046,-2329.11421654394
143,0.467391304347826,-376.97409239936,-1086.22390561041,-2330.74735520457
144,0.469565217391304,-376.865540409759,-1086.29876260653,-2334.0983982895
145,0.471739130434783,-376.264034635893,-1085.52526218878,-2333.09517457359
146,0.473913043478261,-372.972670507802,-1088.12540117175,-2327.28763514129
147,0.476086956521739,-374.527090653531,-1090.68622432679,-2332.22345650704
148,0.478260869565217,-376.469140306926,-1087.07485401211,-2334.51734926154
149,0.480434782608696,-374.230081058663,-1085.62112010226,-2328.6260971799
150,0.482608695652174,-374.836953895607,-1084.73565119094,-2326.85422100785
151,0.484782608695652,-375.324362709596,-1083.93313341884,-2328.42472122158
152,0.48695652173913,-375.049814815573,-1083.69955228327,-2325.89381029454
153,0.489130434782609,-373.491582192629,-1083.13720501776,-2325.53773716488
154,0.491304347826087,-372.329655345173,-1080.69150340775,-2326.45929901471
155,0.493478260869565,-371.524502486939,-1078.3429346152,-2327.24393471915
156,0.495652173913044,-371.96936998555,-1079.80595446025,-2321.40374060656
157,0.497826086956522,-369.881682398686,-1079.47475850607,-2321.72100123806
158,0.5,-371.841653504545,-1081.11606252618,-2325.89512045157
159,0.512468619246862,-366.895784022179,-1078.86921210783,-2316.15246921605
160,0.524937238493724,-366.037519998007,-1078.19922010712,-2315.63934322789
161,0.537405857740586,-366.423408283048,-1077.17556945984,-2319.02540926437
162,0.549874476987448,-367.735935899594,-1075.70763594142,-2323.56788378411
163,0.56234309623431,-368.033882310959,-1074.33169907873,-2323.93502353386
164,0.574811715481172,-367.201460089759,-1073.50363087014,-2322.61149753278
165,0.587280334728033,-365.996296650373,-1072.94650365044,-2321.14283645916
166,0.599748953974895,-365.101741269353,-1072.84969033751,-2320.45022269105
167,0.612217573221757,-364.704340375943,-1073.37126986408,-2321.82815885787
168,0.624686192468619,-365.151597708766,-1073.74963112045,-2323.30887809951
169,0.637154811715481,-365.324427212077,-1074.11156696926,-2324.02179682249
170,0.649623430962343,-364.86547207439,-1074.50092428548,-2323.41449150267
171,0.662092050209205,-363.837201141528,-1074.86586243827,-2321.63975185857
172,0.674560669456067,-363.371655022099,-1074.65484372444,-2320.62116592763
173,0.687029288702929,-362.151086694542,-1074.06837549873,-2319.67398215433
174,0.699497907949791,-361.262370222446,-1073.15602731622,-2318.89881919381
175,0.711966527196653,-361.553543364027,-1072.42850163469,-2318.75827724835
176,0.724435146443515,-361.358529206494,-1072.38876534112,-2317.69889754895
177,0.736903765690377,-360.559656312163,-1071.81635664977,-2317.60680227211
178,0.749372384937238,-360.149053160532,-1071.35518291044,-2317.87817303236
179,0.7618410041841,-360.298359344975,-1071.3305415633,-2318.57505163191
180,0.774309623430962,-361.152736384594,-1071.94830224141,-2319.24643969472
181,0.786778242677824,-362.075138242729,-1072.64170613109,-2320.5440596948
182,0.799246861924686,-361.988995662715,-1073.312414047,-2321.07384062147
183,0.811715481171548,-360.907761817488,-1073.89903858506,-2320.27380588271
184,0.82418410041841,-360.026275310953,-1074.41477373695,-2318.68885610797
185,0.836652719665272,-359.959533278637,-1074.52685602562,-2319.08662423975
186,0.849121338912134,-360.316302043993,-1074.51308072616,-2319.89468529369
187,0.861589958158996,-360.998695227908,-1074.46105189308,-2320.46731608359
188,0.874058577405858,-361.611087356702,-1074.36374321076,-2320.53707889552
189,0.88652719665272,-360.858995432285,-1073.46492212833,-2318.72946074222
190,0.898995815899582,-360.133282060715,-1072.48760664252,-2317.51155284822
191,0.911464435146444,-359.459865123209,-1071.95530655201,-2317.20303392664
192,0.923933054393305,-358.76568557341,-1071.92701558599,-2318.1891811465
193,0.936401673640167,-358.827389508332,-1071.13600987763,-2318.87508997394
194,0.948870292887029,-359.290113776105,-1070.20408616991,-2318.76923600355
195,0.961338912133891,-359.786535478395,-1069.8532943915,-2317.69659871207
196,0.973807531380753,-359.46944185691,-1070.57788084475,-2316.30398384437
197,0.986276150627615,-359.256005230777,-1071.3822814449,-2315.45731596033
198,0.998744769874477,-359.070036141556,-1071.53617699147,-2316.00407210253
199,1.01121338912134,-358.91558215061,-1071.39498158601,-2316.61800699092
200,1.0236820083682,-358.838642030344,-1071.27482020298,-2317.02951205559
201,1.03615062761506,-358.908247669599,-1071.06961896054,-2316.1837673071
202,1.04861924686192,-358.812700527515,-1070.23171867669,-2315.61945894343
203,1.06108786610879,-359.241349505179,-1069.4578183628,-2314.75353411055
204,1.07355648535565,-359.982660956209,-1068.85197043345,-2314.34948588877
205,1.08602510460251,-360.771465540267,-1068.79809931906,-2315.02068274366
206,1.09849372384937,-360.098122518512,-1068.78051742603,-2315.63634311593
207,1.11096234309623,-359.324754946743,-1068.29243543954,-2315.29496024964
208,1.1234309623431,-358.869288028031,-1067.79613279768,-2314.81024599441
209,1.13589958158996,-358.996810637732,-1067.85869724077,-2314.5308173589
210,1.14836820083682,-358.77865834016,-1067.83612820689,-2314.26685455061
211,1.16083682008368,-359.175314592248,-1067.12666280182,-2314.69656295041
212,1.17330543933054,-360.057812262242,-1066.70803790901,-2315.01208994032
213,1.18577405857741,-360.819150114189,-1066.68443844092,-2314.95948288049
214,1.19824267782427,-360.151395054589,-1065.89674925486,-2314.0519341913
215,1.21071129707113,-359.907233795998,-1065.11995098973,-2314.48101178002
216,1.22317991631799,-360.034693630693,-1064.6944373463,-2315.2502134778
217,1.23564853556485,-360.412186320438,-1064.53226130562,-2315.63016451924
218,1.24811715481172,-360.10101534094,-1064.54632675961,-2315.33118704999
219,1.26058577405858,-359.266036735736,-1064.53149417753,-2313.77816585854
220,1.27305439330544,-358.317950364142,-1064.07221941075,-2312.13121942324
221,1.2855230125523,-357.408863358187,-1063.34786542783,-2311.02943676099
222,1.29799163179916,-356.561908834367,-1062.67820670423,-2310.78851582889
223,1.31046025104603,-356.652862077784,-1061.94362650958,-2311.33193752682
224,1.32292887029289,-356.584213446734,-1061.20793334098,-2311.71724357315
225,1.33539748953975,-356.33769801651,-1061.05429690046,-2311.70688191616
226,1.34786610878661,-355.438723924518,-1061.78875791447,-2310.94165454234
227,1.36033472803347,-355.985134408725,-1062.53873634985,-2310.93321304394
228,1.37280334728033,-357.215820844958,-1062.81103274481,-2311.39580232546
229,1.3852719665272,-358.161868932081,-1062.00854657559,-2312.59076225708
230,1.39774058577406,-358.362414103554,-1060.4698344456,-2313.27550997333
231,1.41020920502092,-357.491890695368,-1058.88352365631,-2309.33526692453
232,1.42267782426778,-353.732741036451,-1059.97080566521,-2303.37926121811
233,1.43514644351464,-350.235276405257,-1060.6966960266,-2300.6370202638
234,1.44761506276151,-348.568737151279,-1060.00608090931,-2301.70045810137
235,1.46008368200837,-351.569489821842,-1057.50234724938,-2306.37739300602
236,1.47255230125523,-354.823851688431,-1056.57265130097,-2309.61529162179
237,1.48502092050209,-355.512553888559,-1056.24466765323,-2310.24129955483
238,1.49748953974895,-354.44357944164,-1056.02815756789,-2309.27840480954
239,1.50995815899582,-353.458330030964,-1055.69197402774,-2308.24685106925
240,1.52242677824268,-354.356337049724,-1054.87998031632,-2308.97840925466
241,1.53489539748954,-355.400169091267,-1054.1455246516,-2310.25199090718
242,1.5473640167364,-355.92931725615,-1053.7075642519,-2311.12245654317
243,1.55983263598326,-355.942376975455,-1053.62650486077,-2310.87949402492
244,1.57230125523013,-355.927479335669,-1053.43115747944,-2309.33896069894
245,1.58476987447699,-355.816752095424,-1052.82212738725,-2308.35599484486
246,1.59723849372385,-355.785252348655,-1052.02740288513,-2307.60538597296
247,1.60970711297071,-355.975877553505,-1051.07063826617,-2306.87259221216
248,1.62217573221757,-356.845579113037,-1050.21920753597,-2306.19167057497
249,1.63464435146444,-357.597212380612,-1049.36291156223,-2305.5316845337
250,1.6471129707113,-357.69033686901,-1048.6464349617,-2304.87583748335
251,1.65958158995816,-357.459177270552,-1047.71284491432,-2304.11089150926
252,1.67205020920502,-356.804412427984,-1046.1365417545,-2303.26684876422
253,1.68451882845188,-356.366510164766,-1044.76316931498,-2302.56064298383
254,1.69698744769874,-356.235941386757,-1043.75487045806,-2302.10598141559
255,1.70945606694561,-356.222616324313,-1043.16399537865,-2301.68480122943
256,1.72192468619247,-356.306988783482,-1043.11887847301,-2300.72631439761
257,1.73439330543933,-356.348111590086,-1042.1952005966,-2299.76582541901
258,1.74686192468619,-356.295126901931,-1040.8044737997,-2299.33544357822
259,1.75933054393305,-357.210075723358,-1039.30543338609,-2299.4665798558
260,1.77179916317992,-358.770922158402,-1037.79507602831,-2299.32911064861
261,1.78426778242678,-360.885109092502,-1036.90381506569,-2298.48130177069
262,1.79673640167364,-361.83346102114,-1035.98134492016,-2296.91898712731
263,1.8092050209205,-362.680355426717,-1035.19656893654,-2295.79390275834
264,1.82167364016736,-363.577459768443,-1034.77024003275,-2294.94488844745
265,1.83414225941423,-364.40857464703,-1034.22993608127,-2294.4062291271
266,1.84661087866109,-364.471286241349,-1032.70014970081,-2293.46858090421
267,1.85907949790795,-364.141465935564,-1031.59637706802,-2292.17287364255
268,1.87154811715481,-363.530628544698,-1030.78024114658,-2290.45063107897
269,1.88401673640167,-362.827824758247,-1029.96171399505,-2288.80482992458
270,1.89648535564854,-363.632077914099,-1028.48122667769,-2288.66113716865
271,1.9089539748954,-364.296787516349,-1026.37602944376,-2288.19839181976
272,1.92142259414226,-365.194395552399,-1024.34957352086,-2287.30752487163
273,1.93389121338912,-365.81047568026,-1022.80198464306,-2286.67623739666
274,1.94635983263598,-366.512249836515,-1021.92174911618,-2285.87388759708
275,1.95882845188285,-367.459327967781,-1020.26433450629,-2284.59009996262
276,1.97129707112971,-368.651792692386,-1018.62630918658,-2283.05006662323
277,1.98376569037657,-369.882567725151,-1016.88740750807,-2281.48327472189
278,1.99623430962343,-370.440605064508,-1015.13000193395,-2279.96897957631
279,2.00870292887029,-370.338877649082,-1013.97981525127,-2279.16046355805
280,2.02117154811716,-370.50704231116,-1013.54706900668,-2277.98451322797
281,2.03364016736402,-370.733767459476,-1013.27904107926,-2276.29468962348
282,2.04610878661088,-371.492575398132,-1012.56393471021,-2274.2200146004
283,2.05857740585774,-373.879955097157,-1008.95081143299,-2267.8710350659
284,2.0710460251046,-376.625981940472,-1005.48184632442,-2263.32419567483
285,2.08351464435146,-379.151165549331,-1003.21060659817,-2260.64570074227
286,2.09598326359833,-380.57214954738,-1003.27638860044,-2258.97083398136
287,2.10845188284519,-381.362648383623,-1001.80795765901,-2254.40070417473
288,2.12092050209205,-382.072628086715,-1000.42275216431,-2254.59556974772
289,2.13338912133891,-382.746730549273,-998.991966671131,-2256.53672580348
290,2.14585774058577,-383.381963003916,-997.883146075801,-2257.81779502984
291,2.15832635983264,-384.549454050026,-997.084970187603,-2257.16678539942
292,2.1707949790795,-385.743982739959,-996.475906216444,-2255.6830344144
293,2.18326359832636,-387.115313804545,-995.324050999849,-2253.81916057195
294,2.19573221757322,-388.637081138126,-993.770806563385,-2251.50094921637
295,2.20820083682008,-390.849105674652,-992.105225015827,-2250.08360701529
296,2.22066945606695,-393.690666914866,-990.587552073491,-2249.30031320366
297,2.23313807531381,-396.163265838586,-989.134095548294,-2248.7009309912
298,2.24560669456067,-398.474725982239,-987.735058935096,-2247.83792880764
299,2.25807531380753,-400.801249732978,-986.410735813436,-2246.30277938364
300,2.27054393305439,-403.061379973548,-985.628556405118,-2243.97896052866
301,2.28301255230126,-405.113959050229,-984.884415950393,-2241.45453451527
302,2.29548117154812,-407.24732153107,-983.949504233448,-2239.44681856026
303,2.30794979079498,-409.45315478821,-982.360965947717,-2238.72708580637
304,2.32041841004184,-411.04729103856,-981.651269790541,-2237.16952831247
305,2.3328870292887,-412.661772269444,-980.977495571007,-2234.87446922294
306,2.34535564853556,-414.558955906057,-979.560020816908,-2232.81202936803
307,2.35782426778243,-416.8316941901,-977.287859347449,-2231.20320082159
308,2.37029288702929,-419.194124361012,-975.604720633347,-2229.90382814306
309,2.38276150627615,-422.725436047248,-973.873411700458,-2230.18453215919
310,2.39523012552301,-427.813666521199,-972.870000399742,-2228.35161040916
311,2.40769874476987,-433.06894276213,-972.339205747856,-2222.93575145813
312,2.42016736401674,-434.57176252821,-973.204935741819,-2213.66598376855
313,2.4326359832636,-435.351704539017,-973.271678958824,-2208.63178412587
314,2.44510460251046,-437.066193347553,-972.048721786966,-2207.45210314265
315,2.45757322175732,-438.938556817237,-970.141281686899,-2209.52443006611
316,2.47004184100418,-439.785808730958,-968.787629447736,-2214.01051943486
317,2.48251046025105,-442.049012134724,-969.305756635548,-2213.75506304425
318,2.49497907949791,-444.790895844096,-968.898177193119,-2212.01597596609
319,2.50744769874477,-447.858720300313,-967.920040854337,-2209.97767868616
320,2.51991631799163,-450.885998651902,-966.584879577244,-2208.51255847388
321,2.53238493723849,-453.887297611835,-965.82791880356,-2207.85811008644
322,2.54485355648536,-457.062314433704,-965.476089521243,-2206.91745383599
323,2.55732217573222,-459.984995658685,-965.3580831957,-2204.97542591756
324,2.56979079497908,-463.045990974015,-965.208117496373,-2202.0030779104
325,2.58225941422594,-466.779378082256,-965.146773738046,-2198.73703139575
326,2.5947280334728,-471.303121224539,-965.837506123067,-2196.4356164247
327,2.60719665271967,-475.528186692367,-966.755592799361,-2194.59555021058
328,2.61966527196653,-479.407227256551,-967.425802796449,-2193.02932887227
329,2.63213389121339,-483.138953419299,-967.432558619414,-2191.55169969429
330,2.64460251046025,-487.649346667833,-967.299062449014,-2188.70940249086
331,2.65707112970711,-492.643939992055,-967.167012917492,-2186.1741932379
332,2.66953974895397,-498.02386644505,-967.097347307592,-2184.33634501268
333,2.68200836820084,-503.248342739084,-967.074307110114,-2182.88992069459
334,2.6944769874477,-507.162980528968,-966.989005784086,-2182.84914635993
335,2.70694560669456,-511.380102348769,-967.009564563447,-2182.30386279302
336,2.71941422594142,-516.451455409074,-967.334829196439,-2181.03146912452
337,2.73188284518828,-522.727931075104,-968.113528173896,-2178.83160847934
338,2.74435146443515,-528.839655569754,-969.523159722501,-2178.16828407071
339,2.75682008368201,-533.84872210706,-970.851832994279,-2178.57940940681
340,2.76928870292887,-542.006368071604,-971.544331718576,-2179.11940820405
341,2.78175732217573,-554.451930423948,-971.765116848722,-2179.12288742805
342,2.79422594142259,-567.629291222693,-973.312982453604,-2176.22144327422
343,2.80669456066946,-574.27117511769,-978.711137931664,-2174.68823688425
344,2.81916317991632,-580.436089185534,-983.961365073624,-2175.28343880968
345,2.83163179916318,-585.888377389986,-986.794371193232,-2176.82917909532
346,2.84410041841004,-586.523296327685,-984.395741846012,-2179.80698169202
347,2.8565690376569,-587.359577191949,-982.715765210553,-2183.37217085657
348,2.86903765690377,-591.803113207969,-983.946422906422,-2185.57301481053
349,2.88150627615063,-598.694205665272,-986.67851319272,-2187.00265431984
350,2.89397489539749,-605.694946570317,-989.016777492918,-2188.6910051912
351,2.90644351464435,-611.823536191212,-990.549932053176,-2191.63343996294
352,2.91891213389121,-617.307340637661,-991.995807499213,-2194.95349650771
353,2.93138075313808,-623.407735863234,-994.092706429036,-2197.07181609505
354,2.94384937238494,-630.399100049603,-997.170055309641,-2197.90117978705
355,2.9563179916318,-638.154314190938,-1000.97839958392,-2199.36942703399
356,2.96878661087866,-646.403850324954,-1003.68742622127,-2202.12381776379
357,2.98125523012552,-654.020206915334,-1005.75090267861,-2205.10812243544
358,2.99372384937239,-660.971003875439,-1007.64772826837,-2207.87710472275
359,3.00619246861925,-667.939132297729,-1010.6043390109,-2210.10239363353
360,3.01866108786611,-676.154344845883,-1014.92822327342,-2211.73241522713
361,3.03112970711297,-684.561794898575,-1019.13479145713,-2213.47597077829
362,3.04359832635983,-693.13913154067,-1023.05376433813,-2215.79192627579
363,3.05606694560669,-702.424834758185,-1026.82802604271,-2218.82608439991
364,3.06853556485356,-708.672248394211,-1029.86903050301,-2221.23227041369
365,3.08100418410042,-713.759661964949,-1032.95304251904,-2223.15515562045
366,3.09347280334728,-718.738184317849,-1036.8499609174,-2224.73932393345
367,3.10594142259414,-724.070357554653,-1042.21531510734,-2226.22798457635
368,3.118410041841,-726.942878270933,-1048.4154002966,-2227.62019295257
369,3.13087866108787,-729.962758655446,-1052.79065827306,-2229.56280850307
370,3.14334728033473,-732.910365608394,-1056.6548913008,-2232.50488136145
371,3.15581589958159,-735.796248556629,-1060.82805930466,-2236.51602199281
372,3.16828451882845,-738.195950409811,-1066.99806767668,-2240.49382296915
373,3.18075313807531,-740.423843244723,-1072.50968288895,-2244.93958567747
374,3.19322175732218,-742.714109078169,-1077.90211062733,-2250.33680622554
375,3.20569037656904,-745.071830078573,-1083.05385373976,-2256.44247800765
376,3.2181589958159,-747.118741794474,-1087.60502836289,-2261.93727935502
377,3.23062761506276,-748.725565558012,-1091.65977646651,-2266.21743876309
378,3.24309623430962,-750.291708085862,-1095.89063354104,-2270.4566078001
379,3.25556485355649,-751.514507326169,-1100.39955495849,-2274.7683155666
380,3.26803347280335,-752.188276832374,-1104.974975168,-2279.22868422769
381,3.28050209205021,-752.912181317179,-1109.5465611831,-2283.03992737712
382,3.29297071129707,-754.090782408697,-1113.07088847646,-2286.73491297683
383,3.30543933054393,-755.213491077681,-1115.80601734837,-2290.10060311561
384,3.31790794979079,-755.125243914605,-1118.11498324731,-2293.45050215523
385,3.33037656903766,-753.617167075802,-1121.37957767598,-2295.69217261003
386,3.34284518828452,-752.608800455836,-1123.91171669742,-2298.45178707847
387,3.35531380753138,-752.211595700881,-1125.5022082236,-2302.06777927584
388,3.36778242677824,-752.137680784719,-1126.25019883128,-2306.05713669926
389,3.3802510460251,-751.553903505534,-1127.63873528545,-2310.62462319426
390,3.39271966527197,-750.19176723617,-1129.10528926436,-2314.59566383869
391,3.40518828451883,-748.588104561206,-1130.31563169662,-2317.96708224865
392,3.41765690376569,-746.725906290475,-1131.12636399633,-2321.25507879028
393,3.43012552301255,-744.353461727724,-1132.03558157182,-2325.23841091231
394,3.44259414225941,-742.770637726264,-1132.08312968864,-2329.04380355315
395,3.45506276150628,-741.681356729873,-1132.01720265386,-2332.25801502962
396,3.46753138075314,-740.650539934167,-1131.96995327023,-2335.29598003776
397,3.48,-739.146248039366,-1131.85106688581,-2338.39332306568
398,3.48217391304348,-733.002566738654,-1134.82662897496,-2349.6098937416
399,3.48434782608696,-732.945247571235,-1134.7830526035,-2355.71986831111
400,3.48652173913043,-731.041128843383,-1134.50623143439,-2361.37721792117
401,3.48869565217391,-731.433711849399,-1133.20067773067,-2364.55419230433
402,3.49086956521739,-731.408584652415,-1133.14316363161,-2370.07086687256
403,3.49304347826087,-730.069191967893,-1133.13110792383,-2372.42440805281
404,3.49521739130435,-728.773109251226,-1132.86895596964,-2374.15121310578
405,3.49739130434783,-729.044655406243,-1131.5070902728,-2378.41953828561
406,3.4995652173913,-729.583136751028,-1131.12636292844,-2383.77807653588
407,3.50173913043478,-728.153471274929,-1129.87267724404,-2386.07609415293
408,3.50391304347826,-726.602147600295,-1129.39451506373,-2387.76671139125
409,3.50608695652174,-726.143459567612,-1128.37444629576,-2391.23747871751
410,3.50826086956522,-724.451512204932,-1127.3711860711,-2392.23593813273
411,3.5104347826087,-722.425243317545,-1126.45453963177,-2392.12877562178
412,3.51260869565217,-726.125963813861,-1126.0803649521,-2407.02042952577
413,3.51478260869565,-723.421696256149,-1127.1024503767,-2411.40272882519
414,3.51695652173913,-720.823112457846,-1125.84763962368,-2403.28775040733
415,3.51913043478261,-721.195941292272,-1124.17744938353,-2398.04778344454
416,3.52130434782609,-721.236203563631,-1124.85533775426,-2400.57814034724
417,3.52347826086956,-720.563007326944,-1123.45201005078,-2402.64695599883
418,3.52565217391304,-719.242387233556,-1123.1760239087,-2404.06195368966
419,3.52782608695652,-719.501029588003,-1122.87786417039,-2405.58971225267
420,3.53,-720.234906236481,-1120.91338561821,-2406.30326621485
421,3.53217391304348,-720.091602594565,-1118.22077025224,-2406.35685007928
422,3.53434782608696,-720.027128983237,-1116.18519079318,-2406.94259520585
423,3.53652173913043,-719.395953762459,-1116.78539386244,-2409.76249903252
424,3.53869565217391,-718.123628762265,-1117.11570429102,-2409.33798062954
425,3.54086956521739,-717.836884440549,-1117.11022567578,-2408.20648501366
426,3.54304347826087,-717.19492404985,-1117.7862051907,-2408.80552149979
427,3.54521739130435,-719.163833545544,-1118.00426595461,-2411.33420950885
428,3.54739130434783,-719.94193888721,-1117.96964214141,-2413.55988790896
429,3.5495652173913,-717.958989592327,-1117.32658001301,-2414.02665644672
430,3.55173913043478,-717.220890453922,-1116.08023705633,-2415.82520144093
431,3.55391304347826,-717.829226027378,-1113.74290197059,-2415.98324105746
432,3.55608695652174,-716.524830911999,-1113.28717402725,-2413.92960770278
433,3.55826086956522,-716.227323225393,-1113.28159022521,-2413.86215343916
434,3.5604347826087,-716.248908734498,-1113.40799642724,-2415.59604017951
435,3.56260869565217,-716.196584377343,-1113.56766298974,-2417.0036732248
436,3.56478260869565,-716.23829381579,-1113.71218315088,-2416.1509084187
437,3.56695652173913,-715.292612879908,-1112.80156645098,-2414.9921259974
438,3.56913043478261,-715.365884673775,-1113.59368495159,-2415.58363339013
439,3.57130434782609,-714.333825203991,-1112.91303016474,-2415.83678314042
440,3.57347826086957,-714.605386539181,-1113.20034132575,-2416.48402552506
441,3.57565217391304,-716.006082650101,-1113.80741159896,-2419.08842588063
442,3.57782608695652,-716.390381277779,-1113.8871857984,-2418.68681487193
443,3.58,-716.304058464311,-1113.57851931822,-2416.55419929736
444,3.58217391304348,-716.930837669585,-1111.5817164585,-2417.86980026151
445,3.58434782608696,-718.218814663558,-1109.9334798697,-2419.62828190062
446,3.58652173913043,-716.874248628096,-1109.91543970628,-2419.5778933037
447,3.58869565217391,-715.637230885543,-1109.86908340261,-2418.98268047667
448,3.59086956521739,-715.221611627171,-1110.96827682744,-2418.79241853213
449,3.59304347826087,-716.180504487475,-1110.68064227531,-2419.57086766789
450,3.59521739130435,-715.496240740162,-1110.88794043192,-2418.2881364229
451,3.59739130434783,-715.207852480607,-1112.28867491448,-2420.08466559522
452,3.5995652173913,-714.87378781222,-1112.27107387635,-2421.94555194477
453,3.60173913043478,-714.215813629977,-1111.65698912737,-2421.94495168576
454,3.60391304347826,-714.281452868519,-1110.37519009383,-2421.8364453469
455,3.60608695652174,-715.741139346361,-1110.26306408203,-2424.2996453866
456,3.60826086956522,-716.469573244147,-1110.20855892982,-2425.00142538332
457,3.6104347826087,-714.567714489585,-1112.13054144752,-2422.73725780549
458,3.61260869565217,-717.148030071568,-1110.10156219922,-2429.08026149632
459,3.61478260869565,-718.447278585469,-1108.77488318633,-2430.38206539455
460,3.61695652173913,-718.407694661563,-1111.04107722056,-2426.61894518908
461,3.61913043478261,-716.568807623917,-1111.09110407054,-2421.68636717532
462,3.62130434782609,-716.739126500313,-1111.77503673063,-2422.59865678083
463,3.62347826086957,-716.812468206126,-1111.27404586089,-2420.94892909809
464,3.62565217391304,-715.151012130351,-1110.40991994877,-2420.00415004876
465,3.62782608695652,-713.857966095435,-1110.5667179658,-2420.56156688988
466,3.63,-714.735245833156,-1110.74097006836,-2421.74306378424
467,3.63393258426966,-716.60499196119,-1110.37770636291,-2423.08054318601
468,3.63786516853933,-714.558565535175,-1110.65412208861,-2420.4653631463
469,3.64179775280899,-716.500570781493,-1108.58148573011,-2423.22803779494
470,3.64573033707865,-715.468721641979,-1108.54728090048,-2425.27580370282
471,3.64966292134831,-714.460637876319,-1108.49455044786,-2423.78989341345
472,3.65359550561798,-713.430319185344,-1110.52140031467,-2423.02180686986
473,3.65752808988764,-715.83728212433,-1108.69997002205,-2423.2727636323
474,3.6614606741573,-715.693592261808,-1109.50839710476,-2426.68166447919
475,3.66539325842697,-716.452381603223,-1111.27351348336,-2424.84993887677
476,3.66932584269663,-718.230617427915,-1110.6037495178,-2425.68441618534
477,3.67325842696629,-716.483232582219,-1108.77144379594,-2422.01079739592
478,3.67719101123595,-714.401814603036,-1108.97680974535,-2425.22450538404
479,3.68112359550562,-716.465804733387,-1110.94462711439,-2423.93044701571
480,3.68505617977528,-715.428128637953,-1108.84307861888,-2423.34886997313
481,3.68898876404494,-714.46534173329,-1108.91433459728,-2420.66447274053
482,3.69292134831461,-714.267362743587,-1110.73573242416,-2422.33825924752
483,3.69685393258427,-717.345339811623,-1108.77592504548,-2422.78210081013
484,3.70078651685393,-719.282137206132,-1112.20938813404,-2429.09983406373
485,3.7047191011236,-720.599989822299,-1109.37082449705,-2429.00179835025
486,3.70865168539326,-714.655378175045,-1108.37969038168,-2421.29531668869
487,3.71258426966292,-714.205182678824,-1108.2795327121,-2421.56501971224
488,3.71651685393258,-720.148849122054,-1109.49769981637,-2428.94883856513
489,3.72044943820225,-716.913133873186,-1107.81160499435,-2421.77432805863
490,3.72438202247191,-718.179015451961,-1109.2326946461,-2422.1713121612
491,3.72831460674157,-718.007516025376,-1109.6265834525,-2421.92403660317
492,3.73224719101124,-716.534819674873,-1109.02492374333,-2419.72518829393
493,3.7361797752809,-716.297596269704,-1109.70579710673,-2422.87406566698
494,3.74011235955056,-717.769898259966,-1109.95069512577,-2423.36469704418
495,3.74404494382022,-717.175777994949,-1110.06214051424,-2418.46076562039
496,3.74797752808989,-716.160325896891,-1110.11386704299,-2419.86596672312
497,3.75191011235955,-715.998102822244,-1110.21541387765,-2422.10598092592
498,3.75584269662921,-717.57376226571,-1109.8027618491,-2417.41712265568
499,3.75977528089888,-715.938035744459,-1108.50323467041,-2418.71863665695
500,3.76370786516854,-715.830538142047,-1107.55073604485,-2416.21505968528
501,3.7676404494382,-715.812775926826,-1109.30976340813,-2418.71260720781
502,3.77157303370787,-715.103285978806,-1109.39693253892,-2419.34763018322
503,3.77550561797753,-715.483502207079,-1108.42238641878,-2419.78350217847
504,3.77943820224719,-715.593343961481,-1109.37795732012,-2416.1293511421
505,3.78337078651685,-713.564867705285,-1108.33385891591,-2418.0013955897
506,3.78730337078652,-713.73811826055,-1108.3839869994,-2417.80734844276
507,3.79123595505618,-715.117213881844,-1109.46047326889,-2416.24306150456
508,3.79516853932584,-712.669533999902,-1108.40030388375,-2416.50675676584
509,3.79910112359551,-716.461007006372,-1108.87025976002,-2416.09187069169
510,3.80303370786517,-716.328735999853,-1111.0086174225,-2418.31666898563
511,3.80696629213483,-712.462814978141,-1110.97021551695,-2414.43763852679
512,3.81089887640449,-717.672188436349,-1110.14672672728,-2420.06074498386
513,3.81483146067416,-712.547558400331,-1107.50133305176,-2416.60481295361
514,3.81876404494382,-713.487653458961,-1109.30142083404,-2416.19033401523
515,3.82269662921348,-715.450865216794,-1109.4772238645,-2418.31224026596
516,3.82662921348315,-715.479578890626,-1111.98853459061,-2420.47693264733
517,3.83056179775281,-716.481402380271,-1111.85600027439,-2416.07481783654
518,3.83449438202247,-715.555444307841,-1111.21071896312,-2416.84936914572
519,3.83842696629213,-713.037017969515,-1110.78334114892,-2413.37780674268
520,3.8423595505618,-714.912093163092,-1113.42815709489,-2416.48392366111
521,3.84629213483146,-712.903626929191,-1109.57630027829,-2414.66624916217
522,3.85022471910112,-712.580904615587,-1109.43933921849,-2413.44949330546
523,3.85415730337079,-710.497817212401,-1110.41828806674,-2404.6013357513
524,3.85808988764045,-713.337209300949,-1109.54897107388,-2412.47749645659
525,3.86202247191011,-711.73622291583,-1109.16722889419,-2414.11293044471
526,3.86595505617978,-713.134042913786,-1110.51502628629,-2412.63118053111
527,3.86988764044944,-713.205364238698,-1109.50282613945,-2408.96789020748
528,3.8738202247191,-714.293308035369,-1111.25368025461,-2410.37311259394
529,3.87775280898876,-714.756219558524,-1112.6019333246,-2409.80859147363
530,3.88168539325843,-713.213135395124,-1111.79491053361,-2408.16435342369
531,3.88561797752809,-712.030964048806,-1110.87050075709,-2403.590802511
532,3.88955056179775,-714.295125645927,-1111.6166847491,-2408.09631216099
533,3.89348314606742,-715.325173933043,-1108.66905990759,-2404.62150116028
534,3.89741573033708,-711.578582749248,-1109.72074914876,-2404.1937195242
535,3.90134831460674,-714.958485961211,-1109.20384954424,-2402.73892710533
536,3.9052808988764,-715.191612592986,-1108.9490428557,-2403.89955147868
537,3.90921348314607,-711.177371896737,-1112.69432800796,-2407.59126320191
538,3.91314606741573,-715.140957311027,-1108.1432614344,-2402.85293909473
539,3.91707865168539,-714.972979719618,-1113.55573061625,-2404.98866909117
540,3.92101123595506,-712.157641301646,-1109.43487575262,-2404.66611028679
541,3.92494382022472,-715.336782768485,-1110.12135791718,-2402.20593423182
542,3.92887640449438,-715.303901123554,-1109.45917768991,-2403.74777520193
543,3.93280898876404,-715.502401387637,-1109.95580341424,-2399.72307833246
544,3.93674157303371,-713.974770796722,-1109.94976287049,-2401.38092030785
545,3.94067415730337,-714.185645110225,-1110.85879556796,-2406.43767368005
546,3.94460674157303,-713.367868402242,-1109.63607666739,-2401.52209599312
547,3.9485393258427,-713.41890796695,-1109.81265379181,-2399.06392452876
548,3.95247191011236,-713.33075607307,-1109.66087488178,-2401.22393187445
549,3.95640449438202,-713.238251554393,-1108.48342841863,-2399.97426278491
550,3.96033707865169,-711.623000989847,-1109.14840037958,-2401.09070500836
551,3.96426966292135,-717.151835915284,-1111.10408068504,-2400.54353989411
552,3.96820224719101,-711.176495505573,-1108.97460978755,-2401.31615297055
553,3.97213483146067,-713.27776464211,-1109.94985618811,-2402.17154492255
554,3.97606741573034,-714.749799477277,-1107.33557224912,-2403.03108774143
555,3.98,-714.191348590698,-1106.77415616668,-2403.05137770128
