speed_kmh,sample_local,Bx_nT,By_nT,Bz_nT,mag_nT
20,0,-0.48280712,-8.99450082,3.70582936,9.73998558
20,1,-0.86189897,-9.74622038,4.99744444,10.98663426
20,2,-1.23761719,-10.84136086,6.52725729,12.71502612
20,3,-1.61209432,-12.06283883,8.14469822,14.64401030
20,4,-2.06524587,-13.29299858,9.84891521,16.67243781
20,5,-2.78473312,-14.41296658,11.74867384,18.80211906
20,6,-3.60219980,-15.49239730,13.72036822,21.00568308
20,7,-4.81605143,-16.78273743,15.66559846,23.45774077
20,8,-6.53606526,-18.37648901,17.54816524,26.23649368
20,9,-8.44228576,-20.08185943,19.40767942,29.17552549
20,10,-16.64792918,-25.72638449,22.06939308,37.76318996
20,11,-29.24797456,-34.11940768,25.29644611,51.57022573
20,12,-43.46463007,-43.52354682,28.73147588,67.88940198
20,13,-59.10639864,-50.60389078,30.68603069,83.64181133
20,14,-75.27243701,-56.82935826,32.09594919,99.62763516
20,15,-90.74447375,-61.10390304,31.51941229,113.84954912
20,16,-103.30059243,-59.75144983,24.85381457,121.89733488
20,17,-114.78400480,-56.32893974,15.94817655,128.85131565
20,18,-127.11549907,-51.88821577,6.54734598,137.45400968
20,19,-141.00169371,-46.81622936,-2.70678354,148.59530153
20,20,-155.45983065,-41.51201448,-11.90694475,161.34677445
20,21,-167.76130367,-32.91297447,-14.06021159,171.53660964
20,22,-178.48036110,-22.03203835,-11.27872402,180.18840037
20,23,-188.61728039,-10.31163957,-6.68184176,189.01707696
20,24,-191.09215778,3.08245183,-0.83812352,191.11885497
20,25,-190.74832748,17.09226033,5.46428002,191.59052210
20,26,-187.69389527,30.51495155,11.76054798,190.52157641
20,27,-178.62131640,41.28077353,17.52992930,184.16561937
20,28,-167.33478511,51.06918793,23.10547985,176.47338458
20,29,-156.30891339,52.26951315,26.67699071,166.96179277
20,30,-146.45406010,42.08193589,27.57852324,154.85559722
20,31,-137.03000042,27.70498342,27.49782563,142.48128837
20,32,-133.02179628,14.87204492,25.90239718,136.33381893
20,33,-132.75843252,3.63551707,23.36526756,134.84789252
20,34,-133.87271855,-7.01372411,20.48170542,135.61193663
20,35,-136.04626907,-5.21169824,20.62876662,137.70001866
20,36,-138.60950122,1.17089281,21.89073183,140.33235179
20,37,-140.68978341,8.24622008,23.47550047,142.87307103
20,38,-140.71348082,12.59931218,24.91698132,143.45690053
20,39,-139.98060296,15.95094993,26.30574954,143.32129803
20,40,-138.49022685,19.73839109,28.31299169,142.72621523
20,41,-136.24201294,24.49037327,31.18562352,141.89505836
20,42,-133.71500607,29.59719026,34.37661441,141.20002882
20,43,-129.86525260,33.58548278,38.10476136,139.44511940
20,44,-125.12215969,36.74593950,42.17052976,137.05536289
20,45,-120.05042558,39.60185246,46.36050214,134.64660248
20,46,-113.47110208,41.25935699,49.84208636,130.62258273
20,47,-106.33716744,42.47599170,53.06306913,126.20416933
20,48,-98.83887889,43.21192586,56.03970718,121.56003989
20,49,-90.72558038,42.81547938,58.48103142,116.12203601
20,50,-82.38603236,42.00245333,60.72542471,110.63110602
20,51,-74.40761035,40.45851267,62.65835651,105.35394329
20,52,-67.00639774,38.06801998,64.23769341,100.32702895
20,53,-59.81752859,35.36609821,65.68695001,95.62255503
20,54,-53.42241230,31.97135736,65.94638877,90.69205048
20,55,-47.55784673,28.12899236,65.38746335,85.60671329
20,56,-41.88845987,24.12195564,64.52747858,80.62448329
20,57,-36.62754213,20.56998902,63.11103743,75.81361577
20,58,-31.51689178,17.18543332,61.48988741,71.20154380
20,59,-26.66653156,13.86517174,59.62419572,66.77118846
20,60,-22.52695624,10.57668390,57.16084174,62.34333828
20,61,-18.64886407,7.29988495,54.47762007,58.04204976
20,62,-15.38840981,4.02822285,51.54904680,53.94751118
20,63,-12.87661545,0.75928721,48.36574691,50.05626051
20,64,-10.64023768,-2.50864541,45.08873833,46.39506745
20,65,-8.93663558,-5.51055196,41.70375864,43.00503602
20,66,-7.57284922,-8.32604062,38.25455939,39.87583619
20,67,-6.33407408,-11.07294997,34.78173509,37.04726456
20,68,-6.54131245,-13.55173972,31.07139115,34.52346689
20,69,-7.28050947,-15.93189378,27.27366861,32.41425701
20,70,-8.41264971,-18.03910188,23.38635102,30.70998675
20,71,-10.28108543,-19.33591901,19.29372244,29.18606187
20,72,-12.42038911,-20.33460997,15.12556418,28.22313094
20,73,-14.76018127,-20.87786110,10.99858886,27.83373838
20,74,-17.27457074,-20.90779994,6.95573269,27.99873408
20,75,-19.85319096,-20.74890175,2.94382221,28.86749390
20,76,-22.79118038,-20.27392277,-0.51715239,30.50798738
20,77,-25.97328766,-19.60046033,-3.59559847,32.73710503
20,78,-29.24520089,-18.85397991,-6.53332019,35.40393490
20,79,-32.29093550,-17.61566413,-8.95613610,37.85800460
20,80,-35.25346365,-16.19641222,-11.18952877,40.37741971
20,81,-38.00079753,-14.60108076,-13.23654128,42.80722133
20,82,-40.11521292,-12.61242262,-14.86490269,44.60122021
20,83,-41.99679060,-10.47906768,-16.33925097,46.26567196
20,84,-43.20847336,-8.77800611,-17.35286093,47.38298580
20,85,-43.58947683,-7.72150074,-17.79289467,47.71007404
20,86,-43.66489048,-6.90211433,-18.02192152,47.73941242
20,87,-43.74783056,-5.96815436,-18.19220762,47.75403610
20,88,-43.87352168,-4.92477688,-18.34717899,47.80960478
20,89,-44.01494003,-3.84114694,-18.49651639,47.89770845
20,90,-44.28777087,-1.31392599,-18.41261547,47.98080302
20,91,-44.60894565,1.74436241,-18.24291098,48.22659674
20,92,-44.67923658,4.86876899,-17.89716922,48.37610731
20,93,-43.85122669,7.62974723,-17.05325128,47.66504489
20,94,-42.69275040,10.25702765,-16.02606457,46.74090605
20,95,-41.06298742,12.29094705,-15.05561459,45.43025254
20,96,-38.91013286,13.56240478,-14.23019446,43.59398693
20,97,-36.56484365,14.55336853,-13.45812783,41.59218113
20,98,-33.90810421,15.19330845,-12.44002093,39.18354595
20,99,-31.05656947,15.62150196,-11.24284492,36.53687715
20,100,-28.13337354,15.97179832,-9.97979305,33.85529969
20,101,-25.44819074,16.18870446,-8.46927403,31.32751453
20,102,-22.85056809,16.35653909,-6.86771692,28.92836616
20,103,-20.37552999,16.36227732,-5.35268189,26.67466110
20,104,-18.21670720,15.87625163,-4.22951589,24.53146126
20,105,-16.17421351,15.20931610,-3.25051045,22.43867860
20,106,-14.29355907,14.60404885,-2.26614426,20.56014308
20,107,-12.59148611,14.14968939,-1.22141149,18.98028130
20,108,-10.95510960,13.75084579,-0.15447110,17.58192389
20,109,-9.78093021,13.36668836,0.65307480,16.57593014
20,110,-8.92279320,12.98602134,1.27600674,15.80763050
20,111,-8.18092170,12.60663837,1.83102299,15.13959894
20,112,-7.58255546,11.52199077,2.13818068,13.95790941
30,0,1.13126398,-5.93260849,-0.26471471,6.04530194
30,1,0.46025667,-7.18642652,1.08151663,7.28191188
30,2,-0.16650455,-8.37954958,2.79082415,8.83364446
30,3,-0.74553776,-9.51999246,4.66083283,10.62588564
30,4,-1.31293935,-11.16743541,6.93075192,13.20873747
30,5,-1.95519291,-12.96359807,9.40232932,16.13324055
30,6,-3.02063795,-14.62549566,12.22079019,19.29707465
30,7,-4.60210678,-16.46382214,15.11393453,22.81814723
30,8,-7.09409081,-18.81869762,17.92869770,26.94267444
30,9,-16.15195598,-25.26169323,21.52530611,36.91040002
30,10,-33.85619514,-37.10671655,26.22021935,56.66260024
30,11,-55.57165297,-48.24327084,29.76219104,79.38141981
30,12,-79.17795339,-57.77131197,32.10152656,103.13670927
30,13,-99.04550739,-58.52545809,25.06796244,117.74397869
30,14,-116.65078372,-54.41543740,12.80020633,129.35335501
30,15,-137.15194007,-47.74594224,-0.40648477,145.22566886
30,16,-157.92940790,-39.06507137,-11.61624389,163.10338685
30,17,-174.86340878,-24.29526832,-10.37963855,176.84798187
30,18,-186.65953459,-6.60303652,-4.27477682,186.82520082
30,19,-189.11765654,13.52916829,4.20000593,189.64747944
30,20,-183.11954693,32.11810816,13.02200442,186.37036765
30,21,-168.98959165,47.69843172,21.44710697,176.89714772
30,22,-154.01835181,45.71490512,25.86073298,162.72763365
30,23,-139.81274783,29.04147811,26.86588591,145.30240098
30,24,-134.65109791,12.10593704,24.69481740,137.43109505
30,25,-134.56899124,-3.89763075,20.97081948,136.24896403
30,26,-137.18422728,-1.20552017,21.41263383,138.85051811
30,27,-140.16545443,7.37198660,23.29961804,142.27991075
30,28,-140.14979315,13.15281198,25.28151632,143.01788716
30,29,-138.55246844,18.70901367,27.93619735,142.57364703
30,30,-135.41494275,25.79101670,32.11411297,141.54045186
30,31,-130.49062435,32.18526977,37.27243360,139.47375717
30,32,-123.68879723,37.07745288,43.21146338,136.16492441
30,33,-114.80958421,40.33068228,48.68361974,131.06448562
30,34,-104.47279911,42.43778780,53.60698284,124.85687885
30,35,-92.79818381,42.53068990,57.58608215,117.20289825
30,36,-80.47108440,41.56409437,61.06933141,109.23659004
30,37,-69.23702518,38.47474076,63.65312374,101.61590178
30,38,-58.64361833,34.41171786,65.52536970,94.42888526
30,39,-49.47862109,29.02675082,65.23257909,86.86757498
30,40,-41.00743983,23.41329242,63.92046463,79.47086373
30,41,-33.12816610,18.23142619,61.78765904,72.44014839
30,42,-26.08167250,13.21645508,58.84523760,65.70913417
30,43,-19.95657110,8.27100250,55.09727468,59.18094195
30,44,-15.21331821,3.35279782,50.72403600,53.06236078
30,45,-11.49986258,-1.55454618,45.95630440,47.39879078
30,46,-8.88434082,-6.01513294,40.92095096,42.30410811
30,47,-6.81654488,-10.22281454,35.76264573,37.81452169
30,48,-7.05028268,-13.97312151,30.21586637,34.02871127
30,49,-8.32795401,-17.31850983,24.46872509,31.11276439
30,50,-10.97589992,-19.33163731,18.36062343,28.83218814
30,51,-14.22878339,-20.50888808,12.18870065,27.77835832
30,52,-17.90589440,-20.68710631,6.13123695,28.03871410
30,53,-22.07481000,-20.25118950,0.65543196,29.96393672
30,54,-26.76039042,-19.34273351,-4.06684114,33.26858927
30,55,-31.37682481,-17.79546653,-8.04876917,36.95898334
30,56,-35.83821362,-15.78070734,-11.52677137,40.82002864
30,57,-39.31964276,-13.04638299,-14.23591349,43.80529247
30,58,-42.25598056,-9.93782853,-16.54551257,46.45516457
30,59,-43.23907432,-8.14817556,-17.49588781,47.35099157
30,60,-43.54359196,-6.77645108,-17.95252733,47.58421932
30,61,-43.79838650,-5.22213262,-18.25900554,47.73846052
30,62,-44.09770231,-2.88625012,-18.39465965,47.86753903
30,63,-44.53902334,1.16593669,-18.23630540,48.14194473
30,64,-44.22657936,5.46176470,-17.53637584,47.88888883
30,65,-42.83083493,9.45947145,-16.20379616,46.76029332
30,66,-40.33713675,12.25915282,-14.88679262,44.71004387
30,67,-37.08980904,14.07392893,-13.69967679,41.96916195
30,68,-33.16414072,15.11331886,-12.11756412,38.40713472
30,69,-28.90870567,15.78484820,-10.30158426,34.51082924
30,70,-24.92851994,16.16394902,-8.06472029,30.78545221
30,71,-21.13996576,16.29142739,-5.79303482,27.31058423
30,72,-17.87377382,15.60611906,-4.10860480,24.08118303
30,73,-14.91879236,14.75002450,-2.58181953,21.13762949
30,74,-12.31638715,14.08754378,-0.99623959,18.73885737
30,75,-10.28171623,13.49055263,0.34340548,16.96545391
30,76,-8.89393181,12.91191676,1.32501196,15.73452491
30,77,-7.84485722,11.63429641,1.95202963,14.16718241
30,78,-6.97075379,9.74666554,2.33716446,12.20865411
30,79,-5.99302664,8.40746661,3.23830972,10.82074457
40,0,1.49663400,-4.86259098,-0.99482405,5.18405047
40,1,0.95277905,-6.20370380,0.09399627,6.27714617
40,2,0.13083785,-7.78418695,2.01380585,8.04152343
40,3,-0.63615161,-9.30097079,4.37498377,10.29821487
40,4,-1.39082749,-11.49616099,7.35292104,13.71719966
40,5,-2.53662846,-13.75194697,10.83044890,17.68754231
40,6,-4.42404964,-16.14246153,14.60245655,22.21222674
40,7,-7.66531864,-19.26000665,18.32401376,27.66720886
40,8,-25.94345681,-31.74056021,23.91859806,47.46183148
40,9,-52.66071922,-46.26917225,28.91547188,75.82936215
40,10,-82.42608765,-57.21902772,30.34938007,104.82920360
40,11,-107.10470365,-55.39731370,17.96988212,121.91471024
40,12,-133.64013347,-48.10715435,1.49533267,142.04302022
40,13,-159.73428566,-35.33919084,-9.12978926,163.85131515
40,14,-181.72098463,-15.20706739,-5.89129284,182.45130442
40,15,-187.30086554,10.36392222,3.60532292,187.62202288
40,16,-178.47672885,33.86762412,14.52978966,182.24179952
40,17,-160.40780542,45.94141147,23.52217060,168.50688365
40,18,-142.16329645,29.12480514,26.00557688,147.42776930
40,19,-136.12140250,8.87881454,23.40322525,138.40368679
40,20,-136.87351367,0.63484000,21.70353370,138.58501052
40,21,-140.05114928,8.04901727,23.40663412,142.22159335
40,22,-139.73694481,14.27698998,25.75012386,142.80516470
40,23,-136.70065484,22.48123608,30.24279713,141.79951265
40,24,-130.96361140,30.96766953,36.58401497,139.45914892
40,25,-122.19937557,37.47614573,44.30533820,135.27790611
40,26,-109.54811981,41.08422606,51.02621332,127.64160227
40,27,-94.66528995,42.03274236,56.63667010,118.05075583
40,28,-78.92489677,40.46965538,61.15418775,107.73470665
40,29,-64.20209935,36.24961050,64.55259167,97.99480044
40,30,-51.52347198,29.70287374,64.87471406,88.00941653
40,31,-40.17206500,22.62309404,63.23877822,78.26073256
40,32,-29.85059185,15.86557533,60.26757670,69.10105003
40,33,-21.34307905,9.24555938,55.62052400,60.28805919
40,34,-15.06721584,2.67863806,49.86355966,52.15909007
40,35,-10.56522983,-3.60225701,43.46031724,44.87092056
40,36,-7.43490939,-9.33516709,36.69682638,38.58860309
40,37,-7.60924541,-14.38070340,29.34315058,33.55183649
40,38,-9.98552950,-17.99006943,21.48510654,29.74833105
40,39,-13.86444648,-20.01535284,13.33813375,27.76225923
40,40,-18.59867636,-20.42058880,5.29177635,28.12319516
40,41,-24.43095162,-19.65441575,-1.45861302,31.38940916
40,42,-30.51987217,-17.91012802,-7.08925567,36.09006551
40,43,-36.25940655,-15.23152157,-11.72813510,41.04013847
40,44,-40.57831870,-11.44258034,-15.18529866,44.81211766
40,45,-42.62189701,-8.70174281,-16.99549308,46.70324633
40,46,-43.36413471,-6.63020068,-17.81460570,47.34731161
40,47,-43.82754704,-4.46853729,-18.30059362,47.70464791
40,48,-44.43963876,0.58384577,-18.20170045,48.02628727
40,49,-43.76308358,6.05341207,-17.16528206,47.39723821
40,50,-41.45674099,10.74452330,-15.47470929,45.53649945
40,51,-37.50168843,13.51672787,-13.91595924,42.22241690
40,52,-32.37857522,15.00472243,-11.78581228,37.58216598
40,53,-27.00991317,15.83293712,-9.13367137,32.61351346
40,54,-21.90566754,16.16965492,-6.18627995,27.92106857
40,55,-17.53130618,15.31725314,-3.97036372,23.61628100
40,56,-13.78258670,14.41206258,-1.84835880,20.02707353
40,57,-10.82110090,13.60993642,0.02992834,17.38756711
40,58,-8.87927007,12.83616391,1.37261637,15.66820400
40,59,-7.51401650,10.66134809,2.07252093,13.20682134
40,60,-6.19288182,8.74395951,3.14095281,11.16576006
40,61,-4.78830831,7.67661263,4.64501302,10.17027158
40,62,-3.35641718,7.79688101,6.12050655,10.46506045
50,0,1.50586548,-4.00838293,-1.00963049,4.39933157
50,1,1.49584077,-4.82383032,-0.99394251,5.14731000
50,2,0.77343211,-6.48398719,0.45378464,6.54570146
50,3,-0.16744730,-8.35497574,2.97362432,8.86995489
50,4,-1.10027175,-10.73884971,6.31006259,12.50401459
50,5,-2.42973898,-13.47334772,10.44680272,17.22121997
50,6,-5.02145858,-16.59950158,15.04479929,22.95875617
50,7,-15.38947719,-24.44529663,20.46437918,35.40055580
50,8,-43.57225045,-41.77501751,27.29929678,66.24911095
50,9,-79.08262683,-55.56572058,29.75482248,101.12843632
50,10,-109.30685038,-53.32661082,14.52440578,122.48540045
50,11,-143.79994940,-43.90704997,-5.56794446,150.45682600
50,12,-172.76227070,-22.21776966,-6.36777845,174.30140581
50,13,-184.00513887,7.78482899,3.43003366,184.20168247
50,14,-173.28984074,35.83277366,16.19186123,177.69505604
50,15,-152.70099416,36.03519735,23.72125967,158.67837668
50,16,-139.39241877,14.67878256,23.53797406,142.12582204
50,17,-138.07685330,2.76852900,21.75310502,139.80729505
50,18,-140.12303537,9.70906992,23.85410892,142.47017089
50,19,-138.54262481,17.44213176,27.41108351,142.30128021
50,20,-133.30465815,28.26726370,34.19515586,140.49369653
50,21,-123.06059854,36.48272194,43.42652605,135.50189326
50,22,-107.50817765,41.02220230,51.67300615,126.13853062
50,23,-88.56000487,41.34274356,58.22089217,113.76189693
50,24,-69.97971513,37.48205602,63.03936702,101.37073960
50,25,-53.64893805,30.15626510,64.31802982,89.01919927
50,26,-39.36634683,21.75095731,62.48395031,76.98738503
50,27,-27.19895719,13.47770228,58.21288666,65.65189947
50,28,-17.87764315,5.26823563,51.87020559,55.11699066
50,29,-11.59912826,-2.64959730,44.19852102,45.77192811
50,30,-8.14673850,-9.71883231,35.75201474,37.93457008
50,31,-8.73131757,-15.75344430,26.50536026,32.04592074
50,32,-12.57623367,-19.27750048,16.44729529,28.28952457
50,33,-18.12476935,-20.14914809,6.43557296,27.85519758
50,34,-25.30725167,-19.30519458,-1.94044610,31.88907110
50,35,-32.68430994,-16.81795574,-8.60860065,37.75202984
50,36,-38.71125030,-12.72708110,-13.60003228,42.95928737
50,37,-41.93504093,-9.17428424,-16.41230617,45.95736005
50,38,-43.15904406,-6.45414255,-17.64622653,47.07173623
50,39,-43.97290433,-2.27519336,-18.09981132,47.60668010
50,40,-44.01831582,4.19584371,-17.48616247,47.54979611
50,41,-41.55063569,10.06116209,-15.59275459,45.50622270
50,42,-36.67936206,13.44433167,-13.63662395,41.37732673
50,43,-30.20188333,15.17086213,-10.86041514,35.50010467
50,44,-23.79445431,16.02611548,-7.22443447,29.58386193
50,45,-18.22615200,15.26444793,-4.35227943,24.16895371
50,46,-13.53309677,14.27678959,-1.64755539,19.74046270
50,47,-10.30313814,13.32082887,0.42965219,16.84588194
50,48,-8.20055177,11.31218657,1.67413448,14.07186343
50,49,-6.44544403,8.98338961,2.99439463,11.45475608
50,50,-4.65242640,7.89292488,4.82164245,10.35333620
50,51,-3.11937946,7.67650098,6.37248890,10.45312442
50,52,-2.42725967,6.77524249,7.06960952,10.08835364
