x_m,Bx_latent,By_latent,Bz_latent,Bx_reproj,By_reproj,Bz_reproj,Bx_obs,By_obs,Bz_obs
-12.69279596,-0.49963958,1.99916272,-4.99999973,-0.49963958,1.99916272,-4.99999973,-0.50000000,2.00000000,-5.00000000
-12.38724041,1.08418852,2.00755565,-5.00001334,0.50153073,2.00446806,-5.00000833,0.50000000,2.00000000,-5.00000000
-12.08168485,2.07812138,1.98727416,-4.99990645,1.49812609,1.99359944,-4.99994393,1.50000000,2.00000000,-5.00000000
-11.77612929,1.49796621,0.42168592,-4.99888437,1.49802503,0.99996059,-4.99927416,1.50000000,1.00000000,-5.00000000
-11.47057374,-0.08206152,-0.57314021,-5.00863955,0.49921984,0.00557123,-5.00519422,0.50000000,0.00000000,-5.00000000
-11.16501818,-1.07145950,-0.00438994,-4.97847073,-0.49363887,-0.00072543,-4.98830175,-0.50000000,0.00000000,-5.00000000
-10.85946263,-0.51073240,-0.00028847,-3.44087738,-0.50444404,-0.00044922,-4.01014299,-0.50000000,0.00000000,-4.00000000
-10.55390707,-0.49617793,-1.59998224,-4.00222568,-0.49921887,-1.01154693,-4.00513830,-0.50000000,-1.00000000,-4.00000000
-10.24835152,-0.50037953,-4.12869077,-3.96018790,-0.49995254,-2.98195763,-3.97672423,-0.50000000,-3.00000000,-4.00000000
-9.94279596,-0.50004051,-3.02458627,-0.89214610,-0.50000815,-3.00890407,-2.02689898,-0.50000000,-3.00000000,-2.00000000
-9.63724041,-0.49999469,-3.00062494,-1.96485576,-0.49999964,-3.00367067,-1.98768018,-0.50000000,-3.00000000,-2.00000000
-9.33168485,-0.49999964,-2.97937126,-0.41735155,-0.49999964,-2.98831051,-0.99504317,-0.50000000,-3.00000000,-1.00000000
-9.02612929,-0.50001311,-1.44318180,2.15077972,-0.50000815,-2.01160289,0.99349615,-0.50000000,-2.00000000,1.00000000
-8.72057374,-0.49992002,-1.98504284,2.58252964,-0.49995245,-1.99481373,1.99795689,-0.50000000,-2.00000000,2.00000000
-8.41501818,-0.49879153,-2.00424097,2.00461170,-0.49921860,-2.00077288,2.00216353,-0.50000000,-2.00000000,2.00000000
-8.10946263,-0.50749797,-2.00087488,2.01266337,-0.50445216,-2.00083736,2.00880070,-0.50000000,-2.00000000,2.00000000
-7.80390707,-0.48727104,-1.99245688,1.96634905,-0.49359162,-1.99553988,1.98196614,-0.50000000,-2.00000000,2.00000000
-7.49835152,1.07824678,-2.01272164,-1.13511564,0.49999975,-2.00640083,0.01159467,0.50000000,-2.00000000,0.00000000
-7.19279596,2.07185154,-3.57831480,-1.58680297,1.49359958,-3.00003996,-0.99878534,1.50000000,-3.00000000,-1.00000000
-6.88724041,1.51069237,-4.57311480,-1.00646341,1.50440429,-3.99441291,-1.00363880,1.50000000,-4.00000000,-1.00000000
-6.58168485,1.49497681,-4.00453785,-0.99404768,1.49844499,-4.00081309,-0.99757606,1.50000000,-4.00000000,-1.00000000
-6.27612929,1.50780566,-4.00276293,-1.01399693,1.50436206,-4.00204563,-1.00795603,1.50000000,-4.00000000,-1.00000000
-5.97057374,1.48605127,-5.58632143,-0.97832704,1.49278743,-5.00349893,-0.98922694,1.50000000,-5.00000000,-1.00000000
-5.66501818,-0.07188448,-8.14909922,2.14932381,0.50372615,-6.99189754,0.99471552,0.50000000,-7.00000000,1.00000000
-5.35946263,-1.08252160,-10.18370365,5.74913432,-0.49897366,-9.00950380,4.00008139,-0.50000000,-9.00000000,4.00000000
-5.05390707,-2.11034741,-13.74496315,10.33733997,-1.51755614,-12.00288501,8.00599283,-1.50000000,-12.00000000,8.00000000
-4.74835152,-4.51519058,-16.64852033,15.87462808,-3.41242249,-14.93948661,12.97991894,-3.50000000,-15.00000000,13.00000000
-4.44279596,-10.05530880,-21.51692779,20.95139789,-7.61152750,-19.09722240,18.01885467,-7.50000000,-19.00000000,18.00000000
-4.13724041,-51.73839243,-48.99653675,30.73058319,-35.50502602,-37.99719370,26.05419961,-35.50000000,-38.00000000,26.00000000
-3.83168485,-97.03405817,-64.74839729,33.73620356,-74.39879221,-54.90717946,30.91015224,-74.50000000,-55.00000000,31.00000000
-3.52612929,-126.89664446,-52.02350109,5.66065802,-107.58376391,-53.08434708,14.94942784,-107.50000000,-53.00000000,15.00000000
-3.22057374,-167.57187809,-37.06524335,-19.55341251,-145.50348417,-42.95834228,-6.86052688,-145.50000000,-43.00000000,-7.00000000
-2.91501818,-194.51673129,-3.49064049,-4.00656335,-176.48576533,-18.00999657,-5.05647786,-176.50000000,-18.00000000,-5.00000000
-2.60946263,-189.06003687,36.02174869,14.05914288,-184.43422089,16.14458044,7.02689900,-184.50000000,16.00000000,7.00000000
-2.30390707,-154.47878679,61.37561010,29.08169318,-165.49877514,44.73604418,20.96818782,-165.50000000,45.00000000,21.00000000
-1.99835152,-129.25208024,15.13416415,27.28777833,-142.58649411,26.02408724,24.96293091,-142.50000000,26.00000000,25.00000000
-1.69279596,-134.52120707,-13.21133443,18.80353943,-137.48826036,1.22257057,21.06945292,-137.50000000,1.00000000,21.00000000
-1.38724041,-142.19375596,11.67169209,24.05827623,-140.46270086,7.82767510,22.95874958,-140.50000000,8.00000000,23.00000000
-1.08168485,-138.96749160,19.28593234,27.79302565,-139.51754835,15.07067507,26.01459487,-139.50000000,15.00000000,26.00000000
-0.77612929,-131.57203248,33.89756944,37.07776389,-134.49502442,26.97154206,33.00785145,-134.50000000,27.00000000,33.00000000
-0.47057374,-117.09879446,41.26392728,48.79896847,-123.49850981,36.00605259,42.98974117,-123.50000000,36.00000000,43.00000000
-0.16501818,-96.59285460,43.90408882,57.23959518,-106.49089200,40.99856366,51.99736685,-106.50000000,41.00000000,52.00000000
0.14053737,-73.29699969,41.00155828,63.09650135,-85.50835024,41.00045662,59.01335795,-85.50000000,41.00000000,59.00000000
0.44609293,-53.86745165,33.07285112,66.87377181,-65.50748774,35.98925420,63.98208716,-65.50000000,36.00000000,64.00000000
0.75164848,-38.58900877,21.78995361,64.02698748,-48.49176377,27.01358438,64.01046957,-48.50000000,27.00000000,64.00000000
1.05720404,-24.77521366,12.75035591,59.24120150,-33.50004486,17.99750443,60.99571717,-33.50000000,18.00000000,61.00000000
1.36275959,-14.52894723,3.75786616,51.51045780,-21.50802403,8.99633633,54.99988972,-21.50000000,9.00000000,55.00000000
1.66831515,-8.81969498,-5.22734330,42.34870945,-13.48747038,0.00525601,47.00281858,-13.50000000,0.00000000,47.00000000
1.97387071,-5.61313580,-12.67158722,32.76063225,-8.50994160,-8.00803722,38.00003979,-8.50000000,-8.00000000,38.00000000
2.27942626,-8.49729333,-19.05915079,22.17705143,-8.50194637,-14.99367331,27.99800355,-8.50000000,-15.00000000,28.00000000
2.58498182,-14.81388529,-21.32841909,10.59373576,-12.49185273,-18.99799635,16.99640807,-12.50000000,-19.00000000,17.00000000
2.89053737,-22.00788813,-20.58922746,-0.38949143,-18.50713434,-20.00384625,6.00642356,-18.50000000,-20.00000000,6.00000000
3.19609293,-31.14937817,-18.41954570,-8.24300579,-26.49855658,-19.00237730,-3.00093369,-26.50000000,-19.00000000,-3.00000000
3.50164848,-39.16316397,-14.22702629,-14.08167583,-34.50411528,-15.98377975,-10.00529860,-34.50000000,-16.00000000,-10.00000000
3.80720404,-43.96486076,-8.12872224,-17.88964544,-40.48444700,-11.01843641,-14.98915633,-40.50000000,-11.00000000,-15.00000000
4.11275959,-43.68317134,-6.25490336,-18.18176625,-42.50642641,-8.00730924,-17.00727070,-42.50000000,-8.00000000,-17.00000000
4.41831515,-44.09724222,-3.21049955,-18.58342727,-43.51201379,-4.97514722,-18.00359167,-43.50000000,-5.00000000,-18.00000000
4.72387071,-45.05784427,6.04973299,-17.97941679,-44.48916502,1.99390622,-17.98831023,-44.50000000,2.00000000,-18.00000000
5.02942626,-41.34314417,13.06077936,-14.86134339,-42.50050056,8.98950426,-16.01169020,-42.50000000,9.00000000,-16.00000000
5.33498182,-34.58561954,15.33701705,-12.82354899,-37.49734155,13.00189759,-13.99640060,-37.50000000,13.00000000,-14.00000000
5.64053737,-26.43214160,16.17566264,-9.24472629,-30.50280117,15.00809973,-10.99276958,-30.50000000,15.00000000,-11.00000000
5.94609293,-19.42881369,16.55867205,-4.69474363,-23.50270601,15.98824837,-7.01165790,-23.50000000,16.00000000,-7.00000000
6.25164848,-13.99813334,14.43506474,-2.23319842,-17.49467022,15.00644906,-3.99109542,-17.50000000,15.00000000,-4.00000000
6.55720404,-9.60324092,13.42709444,0.73642953,-12.50633552,14.00810654,-1.00272971,-12.50000000,14.00000000,-1.00000000
6.86275959,-7.74916976,12.38584632,2.15402953,-9.49923324,12.98264251,0.99272270,-9.50000000,13.00000000,1.00000000
7.16831515,-6.33333357,8.27433454,2.60203141,-7.49800297,10.00642424,2.00999982,-7.50000000,10.00000000,2.00000000
7.47387071,-4.33282659,6.85258341,5.15562392,-5.49722991,8.01281662,3.99841349,-5.50000000,8.00000000,4.00000000
7.77942626,-2.34211622,7.96830350,7.16156797,-3.50281768,7.98467896,5.99790846,-3.50000000,8.00000000,6.00000000
8.08498182,-1.92069017,6.43653081,7.57765190,-2.50272236,7.00606269,6.99649677,-2.50000000,7.00000000,7.00000000
8.39053737,-2.49143561,5.41463211,7.01481259,-2.49558777,6.00008670,7.00807458,-2.50000000,6.00000000,7.00000000
8.69609293,-2.51092311,4.41091671,6.98386327,-2.50528155,4.99553968,6.99277011,-2.50000000,5.00000000,7.00000000
9.00164848,-2.48677587,3.43193194,5.42219439,-2.49358373,4.00715108,5.99997691,-2.50000000,4.00000000,6.00000000
9.30720404,-0.92050878,3.98755917,4.42802361,-1.49921071,3.99476663,5.00631291,-1.50000000,4.00000000,5.00000000
9.61275959,0.06433593,4.01007601,4.98688478,-0.51086073,4.00444400,4.99403199,-0.50000000,4.00000000,5.00000000
9.91831515,-0.47651105,3.99439450,5.02004473,-0.48914759,3.99809151,5.01047518,-0.50000000,4.00000000,5.00000000
10.22387071,1.07449999,2.40898322,4.96658435,0.49926619,2.99358349,4.98273088,0.50000000,3.00000000,5.00000000
10.52942626,2.07342615,-0.15008104,1.85498597,1.49432507,1.00640851,3.00561902,1.50000000,1.00000000,3.00000000
10.83498182,1.50331430,-0.58261166,1.44207365,1.50000735,0.00195619,2.01726985,1.50000000,0.00000000,2.00000000
11.14053737,1.50893638,-0.00691873,3.53755127,1.50565157,-0.00365383,2.97827099,1.50000000,0.00000000,3.00000000
11.44609293,3.07838746,0.00324879,1.44023324,2.49981026,0.00070946,2.00604571,2.50000000,0.00000000,2.00000000
11.75164848,4.06821404,-0.00258346,0.42496926,3.49123053,-0.00137206,1.00661478,3.50000000,0.00000000,1.00000000
12.05720404,3.53352758,0.01846511,0.98428420,3.51796737,0.01116742,0.99249916,3.50000000,0.00000000,1.00000000
12.36275959,3.46145091,-0.04887704,0.99922141,3.48224215,-0.02678792,0.99674843,3.50000000,0.00000000,1.00000000
12.66831515,-1.25927266,-3.10736972,2.61813117,0.48503316,-1.97408701,2.02165779,0.50000000,-2.00000000,2.00000000
12.97387071,-4.16229209,-0.44816991,6.70055052,-2.45263667,-1.00952344,4.97928208,-2.50000000,-1.00000000,5.00000000
13.27942626,2.17695972,2.17198368,5.01554697,0.47382639,1.00157262,5.00220586,0.50000000,1.00000000,5.00000000
13.58498182,2.07050366,4.20064270,1.83592390,1.48311892,3.02377059,3.00073394,1.50000000,3.00000000,3.00000000
13.89053737,-1.61251041,2.86813288,-0.17606102,-0.47369202,2.92538880,0.99261654,-0.50000000,3.00000000,1.00000000
14.19609293,-0.53306896,-7.92006480,1.05422719,-0.51122540,-3.93024539,1.03156189,-0.50000000,-4.00000000,1.00000000
14.50164848,-0.48998309,-2.45176716,7.26521374,-0.49779770,-2.99566890,4.97198138,-0.50000000,-3.00000000,5.00000000
14.80720404,-0.50813531,3.24171261,6.59453876,-0.50433232,0.94710818,5.99763326,-0.50000000,1.00000000,6.00000000
15.11275959,-0.48736768,-0.48345057,4.44130387,-0.49360862,0.04282259,5.01384546,-0.50000000,0.00000000,5.00000000
15.41831515,1.07825742,1.53395415,4.98225084,0.50000022,0.98539751,4.99387385,0.50000000,1.00000000,5.00000000
15.72387071,2.07183887,0.99916944,5.00467754,1.49359174,0.99410303,5.00070308,1.50000000,1.00000000,5.00000000
16.02942626,1.51077266,-0.56122171,4.99969132,1.50445215,0.01095029,5.00006353,1.50000000,0.00000000,5.00000000
16.33498182,1.49617280,-0.01466653,4.99994898,1.49921860,-0.00524263,4.99999112,1.50000000,0.00000000,5.00000000
16.64053737,1.50037952,0.00421159,5.00000529,1.49995245,0.00073357,5.00000007,1.50000000,0.00000000,5.00000000
16.94609293,1.50004057,-0.00033855,5.00000014,1.50000815,0.00005586,5.00000011,1.50000000,0.00000000,5.00000000
17.25164848,1.49999483,-0.00004606,4.99999992,1.49999973,-0.00000856,4.99999999,1.50000000,0.00000000,5.00000000
17.55720404,1.50000003,0.00000559,5.00000000,1.49999992,0.00000038,5.00000000,1.50000000,0.00000000,5.00000000
