k_start,k_end,t_start_sec,alpha,lib_id
48,130,0.94344416744688,0.390298898650122,98
330,402,6.58152374965898,0.37671761885546,150
350,430,6.98210018874818,0.308610771739671,115
373,446,7.43951325504524,0.407131818458287,87
375,454,7.47577565976795,0.365760336045604,216
407,601,8.12484165774251,0.246696772750611,53
420,505,8.37386765970331,0.376155438159499,142
445,528,8.87768339376398,0.337995758641479,163
481,534,9.59659615978747,0.322045560925371,125
518,613,10.3416882247123,0.178602699463972,157
548,638,10.9386110909184,0.392927241232947,95
552,637,11.0284776621365,0.434247805277938,215
575,648,11.4879131163436,0.284186744948976,87
589,653,11.7519657919197,0.418883575896864,17
606,663,12.1094811139263,0.199740572177377,222
721,785,14.3909207077185,0.170053072124312,48
749,851,14.965388950507,0.442775646073057,91
775,846,15.4825191351805,0.427232903539126,13
780,858,15.5846832963749,0.242125160315269,214
802,883,16.0233970400839,0.321205465494459,233
807,876,16.1221591308687,0.310934593193114,126
812,896,16.2122078702111,0.425310275325372,187
828,911,16.5476184974736,0.168457867912891,166
860,918,17.1846876909081,0.181861329489195,133
872,936,17.4288750709169,0.254691384768863,145
873,953,17.4445272837878,0.354842631671809,107
883,955,17.6397711310532,0.243226974306549,74
888,957,17.7442991656306,0.386055519932502,195
888,977,17.7485360853792,0.316420666250363,94
891,970,17.8023148082525,0.387903797713507,112
892,965,17.8206954465893,0.321517212092806,154
900,969,17.9861198892842,0.224979843573541,213
902,968,18.0259753532747,0.166833564289859,210
937,1002,18.7110390501986,0.185966377780417,54
943,1024,18.8430952139832,0.188760804416604,29
943,1008,18.8490838500239,0.378489518670748,114
946,1029,18.8921439478661,0.386008724503463,174
955,1021,19.0783353484767,0.316595934544943,143
979,1133,19.5549963382819,0.355188286782533,190
988,1055,19.7319600410653,0.358474573286639,138
989,1072,19.7570059426885,0.268788277985521,163
994,1055,19.8660801263444,0.312185013408362,182
1013,1071,20.2451472832507,0.290733187318547,127
1034,1111,20.6688030858995,0.432009797326538,135
1063,1154,21.2497708242954,0.34854534118601,170
1253,1332,25.049931007108,0.368794246485477,181
1422,1488,28.4103767464479,0.246967362791003,64
1566,1645,31.2998285163921,0.164796254297293,183
1898,2001,37.9376822212619,0.429784911342965,59
1922,2021,38.427929347142,0.265158053444656,146
1923,2003,38.4475758741407,0.227675254237057,26
1941,2013,38.8029387990827,0.442531411437434,74
1960,2021,39.1735143117828,0.315223782384597,225
1965,2028,39.2790302772702,0.191682347641359,129
1999,2064,39.9607514364392,0.371231463695284,100
2008,2080,40.1370037736274,0.201391365604689,19
2008,2085,40.1370385275104,0.329051215213066,132
2011,2084,40.204814260819,0.228619034608068,212
2013,2094,40.2484145719653,0.31342874987244,244
2034,2109,40.6511339552475,0.15836283813706,89
2073,2145,41.4358689107638,0.339081180780165,19
2112,2178,42.2113626365468,0.270103119938161,204
2138,2233,42.7470256499737,0.297720003995815,157
2143,2216,42.8367723560085,0.416207337654993,87
2178,2250,43.5389241894693,0.275759170826826,14
2339,2412,46.7575548190334,0.442579094023113,116
2560,2668,51.1840948399176,0.290180830213481,218
2585,2657,51.671930301254,0.178995482937795,74
2620,2814,52.386283826042,0.166608721985366,53
2640,2721,52.7786432902975,0.165735238914444,113
2656,2733,53.0908719285391,0.167460384793212,179
2680,2757,53.5806470378359,0.353183005830104,179
2681,2772,53.5925683842299,0.355828326741046,81
2701,2773,54.0085710384302,0.438254069576071,117
2705,2768,54.0899479433104,0.298972978927118,40
2715,2785,54.2772478101856,0.332596204967653,104
2788,2854,55.7371070962425,0.228909532670517,219
2818,2887,56.3309934352922,0.316471530518091,16
2824,2915,56.4607107630334,0.331024715359245,170
2889,2985,57.7698332186081,0.169476763995206,168
2963,3039,59.2336578599051,0.227540415598812,118
3033,3178,60.6332523106093,0.436273880328428,151
3131,3222,62.5902825138453,0.230228309235641,81
3143,3207,62.8424314570833,0.226922784445213,17
3144,3231,62.862714790772,0.396128568339759,207
3165,3232,63.2871151985514,0.280979798527958,31
3168,3247,63.3445355839948,0.372234695458637,181
3296,3394,65.8956667479041,0.330857540602221,236
3299,3366,65.9513905063125,0.303792231344682,138
3299,3368,65.9647575614331,0.41856527686747,126
3324,3395,66.4674126131523,0.229824578834051,86
3325,3390,66.4800022299093,0.245429419791834,12
3333,3409,66.6476904382663,0.190876546651994,200
3385,3458,67.671695593351,0.264888823506894,212
3389,3470,67.7544490077786,0.373075328040864,233
3412,3508,68.2215635242954,0.278996101708553,168
3417,3496,68.3226160729641,0.163039066962713,181
3499,3573,69.9553881195095,0.440975607955425,193
3765,3846,75.2780632554511,0.321161921118373,120
3963,4054,79.2394044379513,0.235065687323585,197
4077,4158,81.5106881620149,0.396677762706827,171
4176,4255,83.5014911007245,0.348543816052966,67
4212,4295,84.2254413028414,0.206999286072525,189
4236,4302,84.7095575762769,0.399735217546972,205
4429,4495,88.5561009455524,0.294376787197073,50
4436,4519,88.70596977338,0.283855397768157,189
4443,4507,88.8402117936287,0.250343338523617,202
4447,4534,88.9102655446917,0.254469259399016,207
4463,4533,89.244710267666,0.361865597324504,96
4524,4600,90.4627126190767,0.317913778939689,79
4603,4667,92.0383745954766,0.198184962850571,28
4610,4691,92.1863735724041,0.440871928267698,194
4986,5067,99.706490266084,0.189188363531589,120
5021,5079,100.408061086218,0.435491703183936,127
5029,5086,100.555841865901,0.354613492993113,222
5037,5110,100.719980192234,0.324086242721867,231
5084,5160,101.665840082494,0.422631958583942,1
5088,5156,101.747957435203,0.153999959641973,52
5117,5209,102.323531531357,0.408013464536114,103
5145,5237,102.889746303744,0.245371834054996,83
5161,5237,103.206761959409,0.2842722800562,79
5209,5290,104.168934625574,0.335370992933942,184
5231,5299,104.603944438114,0.252371180787413,52
5253,5334,105.037780974976,0.367975175399833,120
5372,5455,107.413847267196,0.331000200807956,224
5420,5482,108.376282650736,0.443835286671398,88
5464,5527,109.258807082749,0.413173678250411,40
5557,5653,111.126878559969,0.434206382291956,93
5937,5990,118.72741368493,0.265043468859747,42
6267,6336,125.316673784894,0.42003620591531,16
6334,6418,126.651266991903,0.325179441682941,32
6833,6923,136.646794157631,0.435805669192805,55
7499,7579,149.952055253089,0.286885645491707,164
7788,7864,155.735810197628,0.183959076000147,8
7934,8001,158.660772996678,0.287678196512186,156
8443,8522,168.837759271267,0.340565451950916,181
8499,8578,169.962290931537,0.159741674576782,11
8827,8889,176.515281048525,0.320582692315773,68
8869,8922,177.369177622754,0.29175136507938,46
8885,8962,177.686138771044,0.273987000282105,179
8900,8988,177.989518359059,0.289303813853502,25
8919,9002,178.354193860192,0.441647631495898,163
8977,9080,179.519129020114,0.384196672184017,226
8981,9064,179.606793207818,0.345276948868018,189
8992,9076,179.828571133278,0.226271034959779,77
9006,9078,180.094275376578,0.261680181026185,150
9009,9085,180.155343484607,0.335097575384849,118
9024,9188,180.465751712491,0.224838567049535,20
9031,9097,180.596505037573,0.213515745804604,30
9050,9133,180.974335773252,0.357551398794024,224
9074,9144,181.46196178091,0.413098260016286,96
9079,9159,181.567931611991,0.353203490758831,51
9102,9180,182.028080576407,0.261612365656594,191
9111,9184,182.1975026787,0.256716652838284,82
9116,9178,182.292479230532,0.188938227554998,97
9130,9211,182.586691818513,0.430613287375681,113
9166,9311,183.308131336815,0.3599614896186,151
9194,9297,183.861501448976,0.449859180901932,90
9204,9262,184.06763207912,0.315931543758411,192
9220,9302,184.389990819846,0.295574140385711,98
9223,9293,184.437657980602,0.437162583314606,119
9225,9301,184.475846327612,0.394664198554171,238
9239,9347,184.754155247752,0.431047164561386,218
9239,9347,184.767335246399,0.158798902864684,218
9241,9300,184.7951927684,0.327563278539901,139
9251,9334,184.996279502561,0.345871062452173,22
9287,9367,185.710772460266,0.359716581919804,130
9304,9374,186.050218206545,0.344685313183612,119
9325,9406,186.477725277877,0.247408173449504,184
9376,9449,187.494592391163,0.165357288128953,175
9376,9467,187.504478541858,0.368301031799225,123
9376,9428,187.508031238194,0.166021541946266,176
9383,9474,187.639519073252,0.171827489519189,81
9403,9506,188.032646315488,0.372915451504644,226
9420,9497,188.374342341014,0.444237304482252,179
9443,9526,188.839427768132,0.401346928911695,224
9501,9572,189.995984104369,0.297950581847913,86
9612,9683,192.214355502782,0.377823299098814,13
9628,9686,192.540089590497,0.300275173431517,127
9637,9718,192.711619088128,0.307737066058979,244
9665,9718,193.277147239668,0.180748317154501,237
9668,9754,193.336259194855,0.177565472608512,208
9680,9753,193.583577880928,0.324174439019419,212
9699,9760,193.955804581515,0.19862775392971,23
9722,9806,194.411399329491,0.375047214218861,121
9734,9818,194.666188853335,0.409870450618236,108
9742,9826,194.8280539307,0.244576883359424,187
9745,9809,194.889481269763,0.317665820413889,239
9764,9844,195.261443091361,0.347003091554362,130
9768,9851,195.341386094791,0.25273883033268,149
9775,9847,195.479852033282,0.222311023073558,85
9793,9868,195.849009514066,0.390874754872244,80
9795,9870,195.88328381483,0.329772646260901,9
9812,9885,196.212954829934,0.380101664165112,110
9830,9902,196.57719448942,0.362710670517201,58
9832,9918,196.613376839064,0.442282186817099,208
9834,9907,196.657928968031,0.358214164555571,154
9838,9925,196.743995260948,0.20383458603951,3
9841,9894,196.790283184229,0.430147159386537,125
9846,9915,196.895576072927,0.312044030981935,195
9853,9920,197.049310709595,0.320763528655956,31
9854,9942,197.060061568802,0.31242469094708,25
9869,9922,197.351249883202,0.430922451492864,46
9885,9950,197.68294839828,0.316023723354905,56
9888,9966,197.74006809849,0.341543593532796,214
9901,9992,197.990352891253,0.376546318043981,170
9902,9980,198.015541753981,0.314708136533548,214
9919,10013,198.364003546613,0.357726350933415,201
9921,10000,198.405267294203,0.205524282740818,70
9962,10041,199.210405278352,0.434530828250365,220
10007,10068,200.127356690104,0.187907422582515,24
10358,10423,207.137013503782,0.362842747680162,12
10578,10661,211.536397080081,0.22045696843506,149
10628,10711,212.53992184438,0.33358346709485,163
10642,10728,212.813409669171,0.409909696468963,18
10655,10738,213.081623673496,0.277447011412044,149
10658,10761,213.137068894246,0.408950732035873,226
10669,10778,213.364802495607,0.274826545017347,73
10735,10810,214.681915470641,0.415885557725496,148
10764,10841,215.250422627606,0.269386971985854,101
10766,10828,215.299024887443,0.270405830592999,68
10795,10857,215.889413113337,0.151091166781959,69
10800,10863,215.981294471209,0.298626456948732,152
10802,10881,216.023334743167,0.321035270736322,112
10804,10866,216.062144722736,0.440957981990673,88
10824,10906,216.456956938935,0.443535952392401,241
10875,10945,217.477588064374,0.267544981267435,104
10886,10995,217.693155339806,0.257520390951127,73
10899,10961,217.962757645934,0.347798223038043,68
11258,11341,225.133884462928,0.264959565228002,189
11285,11344,225.67551796771,0.163681200600399,139
11659,11735,233.158484397276,0.299452072937837,1
11699,11777,233.950252109078,0.331836048627469,41
11724,11814,234.465919854301,0.325645658513287,105
11771,11845,235.399237624793,0.437731115196772,72
11771,11851,235.405143872657,0.376277681844851,27
11815,11893,236.289450395967,0.170832765662734,15
11819,11897,236.355070406739,0.401281339401458,185
11873,11951,237.447662226631,0.372384774332527,15
11937,11998,238.723910916779,0.273798552271787,61
11980,12056,239.575376155785,0.36777984511338,71
12063,12153,241.248591971065,0.245901861059981,95
12282,12334,245.611179023525,0.348213229837655,33
12478,12562,249.533753309262,0.381872601363556,121
12498,12578,249.942433287001,0.18030024741733,164
12577,12672,251.522410844138,0.366080904928427,227
12599,12666,251.960336954904,0.188057564540762,4
12606,12676,252.099484311781,0.358612392869309,104
12615,12690,252.288255536549,0.362004773529816,243
12643,12707,252.843055933419,0.382690443921579,239
12645,12716,252.871835137487,0.22507345070929,6
12673,12742,253.440113958704,0.445285009560371,153
12694,12774,253.850297758426,0.357420621104556,51
12717,12796,254.322584141615,0.293446497991294,112
12727,12817,254.514113432405,0.320590667046938,95
12733,12794,254.646866992149,0.402290924149729,225
12754,12833,255.050670984892,0.393931118904762,209
13509,13581,270.158556040488,0.314489625399496,14
14025,14098,280.485970515706,0.368076032719814,116
14026,14129,280.509200638699,0.449672364505624,2
