u,x_norm,y_norm,z_norm
0.0,-0.0,0.0,-0.0
0.0041841004184100415,0.04026845637583549,0.03529411764702663,0.03819444444444652
0.008368200836820083,0.053691275167782056,0.04705882352936884,0.057291666666668704
0.012552301255230124,0.08053691275167518,0.05294117647056937,0.06770833333333673
0.016736401673640166,0.10067114093959711,0.058823529411740474,0.09201388888889182
0.02092050209205021,0.11409395973154368,0.06470588235291158,0.09548611111111523
0.025104602510460247,0.14765100671141218,0.09411764705882596,0.13020833333333617
0.02928870292887029,0.147651006711408,0.08823529411765485,0.1493055555555562
0.03347280334728033,0.16107382550335875,0.10588235294116816,0.1736111111111113
0.03765690376569037,0.17449664429530112,0.12352941176468148,0.20833333333333443
0.04184100418410042,0.24161073825503393,0.17058823529407974,0.25000000000000433
0.046025104602510455,0.2751677852348982,0.2117647058823069,0.2847222222222253
0.050209205020920494,0.30201342281879134,0.22352941176470795,0.2916666666666699
0.05439330543933054,0.32885906040268026,0.24705882352939237,0.3090277777777804
0.05857740585774058,0.3489932885906064,0.28235294117647786,0.3333333333333355
0.06276150627615062,0.362416107382553,0.29999999999999116,0.34895833333333426
0.06694560669456066,0.362416107382553,0.3117647058823334,0.36284722222222354
0.0711297071129707,0.34228187919463104,0.28235294117644844,0.36805555555555647
0.07531380753138074,0.3758389261744953,0.30588235294113286,0.3871527777777808
0.0794979079497908,0.3892617449664419,0.31764705882350447,0.39409722222222326
0.08368200836820083,0.4362416107382528,0.34705882352938944,0.43229166666666763
0.08786610878661087,0.4362416107382528,0.3588235294117316,0.43229166666667196
0.09205020920502091,0.44295302013422394,0.34705882352938944,0.4427083333333335
0.09623430962343095,0.44295302013422816,0.34705882352938944,0.4565972222222249
0.10041841004184099,0.4295302013422816,0.32941176470587613,0.4479166666666686
0.10460251046025104,0.4630872483221501,0.35294117647059,0.48090277777778
0.10878661087866108,0.48322147651006786,0.3705882352941033,0.48784722222222243
0.11297071129707112,0.510067114093961,0.39999999999995883,0.5086805555555564
0.11715481171548116,0.5771812080536896,0.4529411764705282,0.5416666666666677
0.1213389121338912,0.5906040268456362,0.476470588235242,0.5486111111111102
0.12552301255230125,0.6174496644295293,0.49411764705878475,0.565972222222225
0.12970711297071127,0.6241610738255005,0.49999999999995587,0.5642361111111112
0.13389121338912133,0.637583892617447,0.5117647058823275,0.5781250000000026
0.13807531380753138,0.6510067114093978,0.5235294117646697,0.5868055555555589
0.1422594142259414,0.6241610738255005,0.5235294117646697,0.5885416666666663
0.14644351464435146,0.610738255033558,0.5058823529411858,0.5902777777777801
0.15062761506276148,0.5906040268456362,0.482352941176472,0.5746527777777813
0.15481171548117154,0.5973154362416073,0.4882352941176431,0.5781250000000048
0.1589958158995816,0.5973154362416073,0.482352941176472,0.5763888888888908
0.1631799163179916,0.5838926174496608,0.47647058823530086,0.5711805555555579
0.16736401673640167,0.5704697986577142,0.476470588235242,0.5694444444444441
0.1715481171548117,0.5570469798657677,0.45882352941175814,0.5694444444444463
0.17573221757322174,0.5570469798657718,0.4647058823529587,0.5746527777777813
0.1799163179916318,0.5704697986577184,0.46470588235289984,0.5815972222222238
0.18410041841004182,0.5704697986577184,0.4705882352940709,0.5850694444444451
0.18828451882845187,0.610738255033558,0.4882352941175842,0.5885416666666684
0.1924686192468619,0.6644295302013443,0.5411764705882125,0.6197916666666682
0.19665271966527195,0.6979865771812045,0.5705882352940974,0.6336805555555574
0.20083682008368198,0.6979865771812086,0.5705882352940974,0.6302083333333361
0.20502092050209203,0.6778523489932909,0.5470588235293835,0.6215277777777799
0.20920502092050208,0.6912751677852332,0.5647058823529263,0.6336805555555574
0.2133891213389121,0.7046979865771799,0.5705882352940974,0.6388888888888925
0.21757322175732216,0.7181208053691264,0.5882352941176401,0.6388888888888925
0.22175732217573219,0.7046979865771756,0.5764705882352685,0.6354166666666691
0.22594142259414224,0.6510067114093894,0.541176470588183,0.6145833333333353
0.2301255230125523,0.5838926174496608,0.5529411764705546,0.5868055555555589
0.23430962343096232,0.5570469798657677,0.5352941176470414,0.5798611111111122
0.23849372384937237,0.5570469798657718,0.5294117647058408,0.5729166666666675
0.2426778242677824,0.5369127516778499,0.5176470588234986,0.5659722222222229
0.24686192468619245,0.5167785234899279,0.4999999999999853,0.5677083333333346
0.2510460251046025,0.5369127516778499,0.5117647058823275,0.5781250000000004
0.25523012552301255,0.5234899328859033,0.5117647058823569,0.5781250000000026
0.25941422594142255,0.5302013422818788,0.5058823529411858,0.5798611111111122
0.2635983263598326,0.5302013422818788,0.5117647058823275,0.5937500000000013
0.26778242677824265,0.489932885906039,0.5647058823529263,0.5781250000000026
0.2719665271966527,0.5302013422818788,0.6117647058823246,0.595486111111113
0.27615062761506276,0.610738255033558,0.6235294117646962,0.6284722222222244
0.28033472803347276,0.657718120805369,0.6588235294117523,0.6493055555555584
0.2845188284518828,0.657718120805369,0.6764705882352655,0.6666666666666689
0.28870292887029286,0.6778523489932909,0.6999999999999794,0.6753472222222252
0.2928870292887029,0.7181208053691264,0.7352941176470355,0.6979166666666685
0.29707112970711297,0.7449664429530153,0.7705882352940915,0.7152777777777769
0.30125523012552297,0.765100671140933,0.7882352941176048,0.7256944444444428
0.305439330543933,0.7785234899328838,0.8117647058823186,0.73090277777778
0.30962343096234307,0.7919463087248304,0.8352941176470031,0.7378472222222247
0.3138075313807531,0.859060402684559,0.8117647058823186,0.7725694444444455
0.3179916317991632,0.8724832214765098,0.8176470588234898,0.7777777777777785
0.3221757322175732,0.8724832214765098,0.8176470588234898,0.7847222222222231
0.3263598326359832,0.8657718120805343,0.8235294117646903,0.7864583333333327
0.3305439330543933,0.879194630872481,0.829411764705832,0.7829861111111136
0.33472803347280333,0.879194630872481,0.829411764705832,0.7829861111111136
0.3389121338912134,0.8859060402684563,0.8352941176470031,0.7829861111111114
0.3430962343096234,0.8859060402684563,0.8470588235293747,0.7934027777777795
0.34728033472803344,0.879194630872481,0.8470588235293453,0.7847222222222253
0.3514644351464435,0.879194630872481,0.8588235294117169,0.7986111111111124
0.35564853556485354,0.8926174496644275,0.8588235294117169,0.7968750000000029
0.3598326359832636,0.8993288590603987,0.864705882352888,0.8055555555555591
0.3640167364016736,0.8993288590603987,0.8705882352940592,0.805555555555557
0.36820083682008364,0.8993288590603987,0.8705882352940592,0.8107638888888921
0.3723849372384937,0.8993288590603987,0.8705882352940592,0.8125000000000017
0.37656903765690375,0.8926174496644275,0.8705882352940592,0.8159722222222229
0.3807531380753138,0.9060402684563741,0.8764705882352303,0.8263888888888887
0.3849372384937238,0.8926174496644275,0.8764705882352303,0.8263888888888887
0.38912133891213385,0.9060402684563741,0.8764705882352303,0.8298611111111099
0.3933054393305439,0.9194630872483206,0.8764705882352303,0.8385416666666684
0.39748953974895396,0.9261744966442919,0.8764705882352303,0.840277777777778
0.40167364016736395,0.9261744966442919,0.8764705882352303,0.8524305555555577
0.405857740585774,0.9261744966442919,0.8764705882352303,0.8420138888888896
0.41004184100418406,0.9395973154362384,0.8764705882352303,0.850694444444446
0.4142259414225941,0.9530201342281849,0.8764705882352303,0.8472222222222225
0.41841004184100417,0.9664429530201315,0.8823529411764014,0.8559027777777789
0.42259414225941416,0.9731543624161069,0.8823529411764014,0.8559027777777789
0.4267782426778242,0.9664429530201315,0.8823529411764014,0.8541666666666672
0.43096234309623427,0.979865771812078,0.894117647058773,0.8628472222222235
0.4351464435146443,0.9664429530201315,0.894117647058773,0.861111111111114
0.4393305439330544,0.9664429530201315,0.9058823529411446,0.8576388888888906
0.44351464435146437,0.9731543624161069,0.9058823529411446,0.8593750000000023
0.4476987447698744,0.9664429530201315,0.9147058823529307,0.8593750000000023
0.4518828451882845,0.9731543624161069,0.9147058823529013,0.8593750000000023
0.45606694560669453,0.9597315436241604,0.9147058823529307,0.8628472222222235
0.4602510460251046,0.9597315436241604,0.9147058823529013,0.866319444444447
0.4644351464435146,0.9597315436241604,0.9147058823529013,0.8750000000000011
0.46861924686192463,0.9530201342281849,0.9147058823529013,0.8732638888888915
0.4728033472803347,0.9597315436241604,0.926470588235273,0.880208333333334
0.47698744769874474,0.9530201342281849,0.9147058823529013,0.8750000000000032
0.4811715481171548,0.9530201342281849,0.9205882352940724,0.8767361111111128
0.4853556485355648,0.9463087248322095,0.9205882352940724,0.880208333333334
0.48953974895397484,0.9463087248322095,0.9205882352940724,0.880208333333334
0.4937238493723849,0.9463087248322095,0.9235294117646874,0.8802083333333361
0.49790794979079495,0.9395973154362341,0.9352941176470589,0.880208333333334
0.502092050209205,0.9530201342281849,0.9470588235294306,0.8836805555555574
0.506276150627615,0.9530201342281849,0.9529411764705723,0.8819444444444458
0.5104602510460251,0.9530201342281849,0.9529411764705429,0.8767361111111106
0.5146443514644351,0.9597315436241604,0.958823529411714,0.8836805555555552
0.5188284518828451,0.9597315436241604,0.9529411764705135,0.8819444444444458
0.5230125523012552,0.9664429530201357,0.9647058823529145,0.8784722222222223
0.5271966527196652,0.9798657718120822,0.9647058823528851,0.8750000000000011
0.5313807531380753,0.9865771812080535,0.964705882352944,0.8784722222222244
0.5355648535564853,0.9865771812080535,0.964705882352944,0.8750000000000011
0.5397489539748953,0.9865771812080535,0.9529411764705723,0.8750000000000011
0.5439330543933054,0.9932885906040246,0.9529411764705723,0.8819444444444458
0.5481171548117154,0.9932885906040246,0.9529411764705723,0.8784722222222223
0.5523012552301255,0.9932885906040246,0.9529411764705723,0.8836805555555552
0.5564853556485355,0.9932885906040289,0.964705882352944,0.8836805555555552
0.5606694560669455,0.9932885906040289,0.9647058823528851,0.8819444444444458
0.5648535564853556,0.9932885906040289,0.958823529411714,0.8836805555555552
0.5690376569037656,0.9932885906040289,0.9470588235293718,0.8906249999999999
0.5732217573221757,0.9932885906040289,0.9529411764705723,0.9045138888888891
0.5774058577405857,0.9932885906040289,0.9470588235293718,0.8993055555555584
0.5815899581589957,0.9932885906040289,0.9529411764705429,0.9027777777777775
0.5857740585774058,1.0,0.958823529411714,0.9045138888888891
0.5899581589958158,1.0,0.9529411764705135,0.9010416666666679
0.5941422594142259,1.0,0.9529411764705429,0.9045138888888913
0.5983263598326359,1.0,0.9588235294117434,0.8975694444444466
0.6025104602510459,1.0,0.9588235294117728,0.9045138888888913
0.606694560669456,1.0,0.9588235294117728,0.8993055555555584
0.610878661087866,1.0,0.9705882352941151,0.8993055555555561
0.6150627615062761,1.0,0.9764705882352567,0.9027777777777796
0.6192468619246861,0.9932885906040246,0.9764705882352567,0.890625000000002
0.6234309623430961,0.9932885906040246,0.9823529411764572,0.8958333333333349
0.6276150627615062,0.9932885906040246,0.9882352941176578,0.9062500000000008
0.6317991631799162,0.9932885906040246,0.9882352941176283,0.9045138888888913
0.6359832635983264,0.9932885906040289,0.9941176470588289,0.9010416666666657
0.6401673640167364,0.9932885906040289,0.9941176470587995,0.9027777777777752
0.6443514644351463,0.9932885906040289,0.9882352941176283,0.9010416666666657
0.6485355648535565,0.9932885906040289,0.9882352941176283,0.9010416666666657
0.6527196652719665,0.9932885906040289,0.9882352941175989,0.9097222222222242
0.6569037656903766,0.9932885906040289,0.9882352941176283,0.9097222222222242
0.6610878661087866,0.9865771812080535,0.9882352941176283,0.9097222222222242
0.6652719665271966,0.9932885906040246,0.9882352941176283,0.9149305555555571
0.6694560669456067,0.9932885906040246,0.9823529411764278,0.9114583333333316
0.6736401673640167,0.9932885906040246,0.9823529411764572,0.9114583333333316
0.6778242677824268,0.9932885906040289,0.9823529411764278,0.909722222222222
0.6820083682008368,0.9932885906040289,0.9823529411764572,0.9236111111111113
0.6861924686192468,1.0,0.9823529411764572,0.9253472222222208
0.6903765690376569,1.0,0.9882352941176578,0.9305555555555559
0.6945606694560669,1.0,0.9823529411764572,0.9270833333333347
0.698744769874477,1.0,0.9882352941176283,0.9236111111111113
0.702928870292887,0.9932885906040246,0.9882352941176283,0.9201388888888901
0.707112970711297,1.0,0.9882352941176283,0.9218749999999996
0.7112970711297071,1.0,0.9882352941176283,0.9236111111111113
0.7154811715481171,1.0,0.9941176470587995,0.9270833333333347
0.7196652719665272,1.0,0.9941176470588289,0.9236111111111135
0.7238493723849372,1.0,1.0000000000000295,0.9253472222222252
0.7280334728033472,1.0,1.0,0.9184027777777783
0.7322175732217573,0.9932885906040289,1.0,0.9131944444444433
0.7364016736401673,0.9932885906040289,1.0,0.9201388888888878
0.7405857740585774,0.9932885906040289,1.0058823529411711,0.9201388888888878
0.7447698744769874,0.9932885906040289,1.0058823529411711,0.9184027777777783
0.7489539748953974,1.0,1.0058823529411711,0.9218749999999996
0.7531380753138075,1.0,1.0058823529411711,0.9236111111111113
0.7573221757322175,1.0,1.0058823529411711,0.9184027777777762
0.7615062761506276,1.0,1.0058823529411711,0.9184027777777783
0.7656903765690376,1.0,1.0058823529411711,0.9236111111111113
0.7698744769874476,1.0,1.0058823529412004,0.9201388888888878
0.7740585774058577,1.0,1.0058823529412004,0.9270833333333347
0.7782426778242677,1.0,1.0,0.9322916666666676
0.7824267782426778,1.0,1.0,0.9270833333333325
0.7866108786610878,1.0,0.9882352941175989,0.9288194444444442
0.7907949790794978,1.0,0.9882352941176283,0.9340277777777771
0.7949790794979079,0.9932885906040246,0.9882352941176283,0.9288194444444442
0.7991631799163179,0.9932885906040246,0.9882352941176283,0.9322916666666697
0.8033472803347279,0.9932885906040246,0.9882352941176578,0.9288194444444442
0.807531380753138,0.9932885906040246,0.9882352941176283,0.9288194444444464
0.811715481171548,0.9932885906040289,0.9823529411764278,0.9270833333333347
0.8158995815899581,0.9932885906040289,0.9823529411764572,0.9270833333333325
0.8200836820083681,0.9932885906040289,0.9823529411764572,0.9305555555555581
0.8242677824267781,0.9932885906040289,0.9823529411764572,0.9218750000000018
0.8284518828451882,0.9932885906040289,0.9823529411764572,0.9288194444444442
0.8326359832635982,0.9865771812080535,0.9823529411764278,0.9236111111111113
0.8368200836820083,0.9865771812080535,0.9764705882352567,0.9236111111111113
0.8410041841004183,0.9932885906040246,0.9647058823528851,0.9288194444444442
0.8451882845188283,0.9932885906040246,0.9705882352940857,0.9322916666666654
0.8493723849372384,0.9865771812080535,0.9705882352940857,0.9357638888888866
0.8535564853556484,0.9865771812080535,0.9705882352941445,0.93923611111111
0.8577405857740585,0.9865771812080535,0.9764705882353156,0.9427083333333335
0.8619246861924685,0.9865771812080535,0.964705882352944,0.9375000000000006
0.8661087866108785,0.9865771812080535,0.964705882352944,0.9375000000000027
0.8702928870292886,0.9865771812080535,0.9705882352941151,0.9427083333333335
0.8744769874476986,0.979865771812078,0.9705882352941151,0.9427083333333335
0.8786610878661087,0.9865771812080535,0.9823529411764866,0.9531250000000014
0.8828451882845187,0.9865771812080535,0.9882352941176578,0.9461805555555547
0.8870292887029287,0.9865771812080535,0.9882352941176578,0.9565972222222228
0.8912133891213389,0.9865771812080535,0.9823529411764278,0.9392361111111123
0.8953974895397488,0.9932885906040289,0.9764705882352273,0.9427083333333335
0.899581589958159,0.9932885906040289,0.9705882352940562,0.9496527777777781
0.903765690376569,0.9932885906040289,0.9705882352940562,0.9427083333333356
0.907949790794979,0.9932885906040289,0.9705882352940857,0.9479166666666664
0.9121338912133891,0.9932885906040289,0.9705882352941151,0.9479166666666685
0.9163179916317991,0.9932885906040289,0.9588235294117434,0.9444444444444452
0.9205020920502092,1.0,0.9529411764705723,0.9444444444444452
0.9246861924686192,1.0,0.9470588235293718,0.9444444444444452
0.9288702928870292,1.0,0.9411764705881712,0.9513888888888898
0.9330543933054393,1.0,0.9529411764705429,0.9496527777777781
0.9372384937238493,1.0,0.9470588235294012,0.9635416666666673
0.9414225941422594,1.0,0.9529411764705723,0.9687500000000002
0.9456066945606694,1.0,0.9470588235294012,0.965277777777779
0.9497907949790794,1.0,0.9470588235294012,0.965277777777779
0.9539748953974895,1.0,0.9588235294117728,0.9704861111111098
0.9581589958158995,1.0,0.9588235294117728,0.9739583333333331
0.9623430962343096,1.0,0.9705882352941445,0.9791666666666661
0.9665271966527196,1.0,0.9764705882353156,0.9861111111111107
0.9707112970711296,1.0,0.9705882352941151,0.9861111111111129
0.9748953974895397,1.0,0.9764705882352862,0.9861111111111107
0.9790794979079497,1.0,0.9764705882352862,0.9913194444444436
0.9832635983263598,1.0,0.9882352941176578,0.9861111111111107
0.9874476987447698,1.0,0.9882352941176578,0.9878472222222224
0.9916317991631798,1.0,1.0,0.9895833333333341
0.9958158995815899,1.0,1.0000000000000295,0.9947916666666671
1.0,1.0,1.0,1.0
