t,Bx,By,Bz
225.9,-889,-2480,-2626
225.92,-890,-2479,-2626
225.94,-890,-2478,-2626
225.96,-890,-2478,-2626
225.98,-891,-2477,-2626
226,-892,-2477,-2626
226.02,-892,-2478,-2626
226.04,-891,-2478,-2626
226.06,-890,-2479,-2626
226.08,-891,-2480,-2626
226.1,-892,-2480,-2625
226.12,-892,-2480,-2624
226.14,-892,-2480,-2624
226.16,-892,-2480,-2624
226.18,-891,-2480,-2624
226.2,-890,-2480,-2624
226.22,-890,-2480,-2624
226.24,-889,-2480,-2624
226.26,-888,-2479,-2624
226.28,-888,-2478,-2624
226.3,-888,-2478,-2624
226.32,-888,-2478,-2625
226.34,-889,-2478,-2626
226.36,-890,-2479,-2626
226.38,-889,-2479,-2626
226.4,-889,-2478,-2626
226.42,-890,-2478,-2626
226.44,-890,-2478,-2625
226.46,-890,-2478,-2625
226.48,-891,-2479,-2626
226.5,-892,-2479,-2626
226.52,-891,-2478,-2625
226.54,-890,-2478,-2623
226.56,-890,-2478,-2623
226.58,-890,-2478,-2624
226.6,-890,-2479,-2625
226.62,-890,-2480,-2626
226.64,-890,-2480,-2626
226.66,-889,-2480,-2627
226.68,-889,-2480,-2627
226.7,-890,-2480,-2625
226.72,-890,-2480,-2625
226.74,-890,-2480,-2626
226.76,-890,-2480,-2626
226.78,-889,-2480,-2625
226.8,-888,-2480,-2624
226.82,-889,-2480,-2625
226.84,-890,-2480,-2626
226.86,-891,-2480,-2625
226.88,-892,-2480,-2623
226.9,-891,-2480,-2622
226.92,-890,-2480,-2622
226.94,-889,-2480,-2622
226.96,-888,-2480,-2622
226.98,-888,-2480,-2622
227,-889,-2480,-2622
227.02,-890,-2480,-2623
227.04,-890,-2480,-2624
227.06,-890,-2480,-2624
227.08,-891,-2480,-2624
227.1,-892,-2480,-2626
227.12,-892,-2480,-2628
227.14,-891,-2480,-2627
227.16,-890,-2480,-2626
227.18,-889,-2480,-2625
227.2,-889,-2481,-2623
227.22,-890,-2482,-2621
227.24,-890,-2482,-2621
227.26,-890,-2482,-2623
227.28,-889,-2481,-2624
227.3,-888,-2479,-2624
227.32,-888,-2478,-2624
227.34,-889,-2478,-2623
227.36,-891,-2478,-2622
227.38,-891,-2479,-2622
227.4,-891,-2480,-2621
227.42,-891,-2480,-2621
227.44,-890,-2480,-2623
227.46,-891,-2480,-2625
227.48,-891,-2480,-2625
227.5,-890,-2479,-2625
227.52,-890,-2479,-2625
227.54,-890,-2480,-2623
227.56,-890,-2480,-2621
227.58,-890,-2482,-2618
227.6,-892,-2480,-2620
227.62,-892,-2478,-2628
227.64,-892,-2478,-2630
227.66,-892,-2478,-2625
227.68,-890,-2480,-2623
227.7,-890,-2480,-2624
227.72,-889,-2480,-2624
227.74,-888,-2480,-2623
227.76,-889,-2480,-2622
227.78,-890,-2478,-2625
227.8,-890,-2478,-2626
227.82,-890,-2480,-2624
227.84,-888,-2480,-2624
227.86,-890,-2480,-2622
227.88,-894,-2480,-2624
227.9,-890,-2482,-2626
227.92,-890,-2485,-2624
227.94,-891,-2483,-2622
227.96,-888,-2481,-2621
227.98,-887,-2482,-2621
228,-887,-2481,-2620
228.02,-887,-2480,-2620
228.04,-886,-2479,-2620
228.06,-886,-2478,-2621
228.08,-887,-2478,-2622
228.1,-888,-2478,-2622
228.12,-888,-2478,-2622
228.14,-889,-2478,-2622
228.16,-890,-2478,-2622
228.18,-890,-2478,-2622
228.2,-890,-2478,-2621
228.22,-890,-2477,-2621
228.24,-890,-2477,-2621
228.26,-890,-2478,-2620
228.28,-890,-2478,-2620
228.3,-890,-2478,-2620
228.32,-890,-2479,-2620
228.34,-889,-2479,-2620
228.36,-889,-2479,-2620
228.38,-890,-2480,-2620
228.4,-890,-2481,-2621
228.42,-890,-2481,-2622
228.44,-889,-2480,-2621
228.46,-888,-2480,-2620
228.48,-888,-2480,-2620
228.5,-889,-2479,-2620
228.52,-892,-2481,-2622
228.54,-890,-2482,-2626
228.56,-884,-2480,-2624
228.58,-884,-2478,-2622
228.6,-887,-2477,-2623
228.62,-888,-2478,-2622
228.64,-888,-2478,-2621
228.66,-889,-2478,-2620
228.68,-891,-2478,-2621
228.7,-891,-2478,-2622
228.72,-891,-2477,-2621
228.74,-892,-2477,-2620
228.76,-891,-2478,-2620
228.78,-890,-2478,-2620
228.8,-891,-2479,-2620
228.82,-891,-2480,-2620
228.84,-890,-2479,-2620
228.86,-890,-2478,-2620
228.88,-890,-2478,-2621
228.9,-889,-2478,-2621
228.92,-888,-2478,-2620
228.94,-888,-2478,-2620
228.96,-888,-2478,-2620
228.98,-889,-2478,-2620
229,-890,-2479,-2620
229.02,-890,-2480,-2620
229.04,-891,-2480,-2620
229.06,-892,-2480,-2620
229.08,-892,-2480,-2620
229.1,-891,-2479,-2621
229.12,-889,-2478,-2623
229.14,-889,-2479,-2624
229.16,-890,-2479,-2624
229.18,-889,-2478,-2624
229.2,-889,-2478,-2623
229.22,-890,-2477,-2622
229.24,-890,-2477,-2622
229.26,-890,-2478,-2621
229.28,-890,-2478,-2621
229.3,-891,-2478,-2622
229.32,-892,-2479,-2622
229.34,-891,-2480,-2621
229.36,-890,-2480,-2620
229.38,-889,-2481,-2620
229.4,-888,-2481,-2620
229.42,-888,-2479,-2621
229.44,-888,-2478,-2622
229.46,-888,-2478,-2622
229.48,-890,-2478,-2621
229.5,-891,-2478,-2620
229.52,-890,-2478,-2619
229.54,-890,-2477,-2618
229.56,-890,-2476,-2619
229.58,-890,-2477,-2620
229.6,-890,-2478,-2620
229.62,-890,-2479,-2621
229.64,-892,-2478,-2623
229.66,-892,-2480,-2622
229.68,-895,-2484,-2626
229.7,-893,-2482,-2624
229.72,-888,-2482,-2618
229.74,-888,-2480,-2622
229.76,-888,-2478,-2626
229.78,-888,-2478,-2622
229.8,-887,-2477,-2618
229.82,-887,-2477,-2622
229.84,-888,-2476,-2624
229.86,-890,-2478,-2624
229.88,-890,-2480,-2624
229.9,-889,-2480,-2623
229.92,-889,-2480,-2622
229.94,-890,-2480,-2622
229.96,-891,-2480,-2622
229.98,-892,-2480,-2622
230,-891,-2480,-2622
230.02,-890,-2479,-2622
230.04,-890,-2478,-2622
230.06,-889,-2478,-2622
230.08,-888,-2478,-2622
230.1,-888,-2478,-2621
230.12,-888,-2478,-2620
230.14,-888,-2479,-2620
230.16,-888,-2479,-2619
230.18,-888,-2478,-2619
230.2,-888,-2478,-2620
230.22,-888,-2478,-2620
230.24,-889,-2478,-2619
230.26,-888,-2481,-2623
230.28,-890,-2482,-2626
230.3,-894,-2478,-2626
230.32,-894,-2480,-2624
230.34,-892,-2482,-2621
230.36,-891,-2479,-2622
230.38,-892,-2478,-2623
230.4,-892,-2478,-2623
230.42,-891,-2477,-2622
230.44,-890,-2476,-2621
230.46,-889,-2476,-2620
230.48,-888,-2477,-2620
230.5,-889,-2479,-2620
230.52,-890,-2480,-2621
230.54,-890,-2480,-2622
230.56,-890,-2480,-2622
230.58,-889,-2480,-2621
230.6,-889,-2480,-2622
230.62,-892,-2480,-2626
230.64,-892,-2482,-2626
230.66,-892,-2484,-2622
230.68,-891,-2482,-2621
230.7,-889,-2480,-2622
230.72,-890,-2480,-2621
230.74,-889,-2480,-2620
230.76,-888,-2479,-2620
230.78,-888,-2478,-2621
230.8,-888,-2478,-2622
230.82,-888,-2477,-2622
230.84,-887,-2477,-2622
230.86,-887,-2478,-2622
230.88,-888,-2478,-2622
230.9,-888,-2478,-2621
230.92,-888,-2478,-2620
230.94,-888,-2477,-2621
230.96,-887,-2476,-2622
230.98,-887,-2477,-2622
231,-888,-2478,-2622
231.02,-888,-2479,-2621
231.04,-887,-2481,-2620
231.06,-887,-2482,-2621
231.08,-888,-2481,-2622
231.1,-888,-2480,-2622
231.12,-888,-2480,-2622
231.14,-889,-2480,-2622
231.16,-890,-2480,-2621
231.18,-890,-2480,-2620
231.2,-890,-2480,-2620
231.22,-890,-2480,-2621
231.24,-891,-2480,-2623
231.26,-892,-2480,-2624
231.28,-891,-2480,-2623
231.3,-889,-2480,-2622
231.32,-888,-2480,-2622
231.34,-887,-2480,-2622
231.36,-886,-2480,-2622
231.38,-886,-2480,-2622
231.4,-887,-2480,-2622
231.42,-888,-2480,-2623
231.44,-892,-2480,-2624
231.46,-891,-2483,-2624
231.48,-886,-2483,-2622
231.5,-890,-2478,-2622
231.52,-892,-2478,-2623
231.54,-890,-2479,-2621
231.56,-890,-2478,-2621
231.58,-890,-2478,-2622
231.6,-889,-2479,-2623
231.62,-888,-2480,-2624
231.64,-888,-2480,-2624
231.66,-889,-2480,-2625
231.68,-890,-2480,-2626
231.7,-889,-2480,-2625
231.72,-888,-2480,-2623
231.74,-888,-2480,-2621
231.76,-888,-2479,-2620
231.78,-888,-2479,-2620
231.8,-888,-2480,-2620
231.82,-888,-2480,-2620
231.84,-888,-2480,-2621
231.86,-889,-2479,-2623
231.88,-889,-2478,-2623
231.9,-888,-2479,-2623
231.92,-888,-2480,-2624
231.94,-889,-2480,-2624
231.96,-891,-2481,-2624
231.98,-891,-2482,-2623
232,-890,-2481,-2622
232.02,-889,-2480,-2622
232.04,-889,-2482,-2625
232.06,-888,-2484,-2626
232.08,-884,-2482,-2620
232.1,-884,-2478,-2622
232.12,-886,-2478,-2626
232.14,-886,-2480,-2623
232.16,-886,-2480,-2621
232.18,-887,-2480,-2621
232.2,-888,-2480,-2621
232.22,-889,-2481,-2621
232.24,-889,-2481,-2621
232.26,-888,-2480,-2621
232.28,-889,-2480,-2622
232.3,-890,-2480,-2622
232.32,-890,-2480,-2622
232.34,-890,-2480,-2622
232.36,-888,-2481,-2622
232.38,-887,-2483,-2623
232.4,-888,-2483,-2624
232.42,-887,-2481,-2624
232.44,-886,-2480,-2624
232.46,-887,-2479,-2624
232.48,-888,-2479,-2624
232.5,-888,-2480,-2623
232.52,-889,-2481,-2622
232.54,-890,-2482,-2623
232.56,-890,-2482,-2624
232.58,-890,-2483,-2624
232.6,-890,-2484,-2623
232.62,-890,-2484,-2622
232.64,-890,-2484,-2622
232.66,-889,-2484,-2622
232.68,-888,-2483,-2622
232.7,-888,-2483,-2623
232.72,-887,-2484,-2624
232.74,-887,-2484,-2624
232.76,-888,-2483,-2624
232.78,-888,-2483,-2622
232.8,-889,-2483,-2620
232.82,-890,-2483,-2621
232.84,-890,-2484,-2621
232.86,-890,-2484,-2620
232.88,-890,-2484,-2619
232.9,-889,-2484,-2620
232.92,-888,-2483,-2621
232.94,-888,-2483,-2620
232.96,-888,-2484,-2621
232.98,-888,-2484,-2621
233,-888,-2483,-2619
233.02,-889,-2482,-2618
233.04,-889,-2482,-2617
233.06,-888,-2482,-2617
233.08,-888,-2483,-2619
233.1,-888,-2484,-2621
233.12,-888,-2484,-2621
233.14,-888,-2485,-2620
233.16,-888,-2486,-2619
233.18,-888,-2486,-2619
233.2,-887,-2486,-2619
233.22,-886,-2486,-2619
233.24,-887,-2487,-2620
233.26,-887,-2487,-2620
233.28,-886,-2487,-2620
233.3,-885,-2488,-2619
233.32,-884,-2487,-2619
233.34,-884,-2487,-2620
233.36,-885,-2488,-2619
233.38,-885,-2488,-2618
233.4,-884,-2489,-2618
233.42,-884,-2489,-2618
233.44,-884,-2489,-2618
233.46,-883,-2490,-2617
233.48,-882,-2490,-2615
233.5,-882,-2491,-2614
233.52,-881,-2492,-2614
233.54,-880,-2492,-2616
233.56,-880,-2492,-2617
233.58,-880,-2492,-2616
233.6,-880,-2492,-2616
233.62,-881,-2493,-2616
233.64,-881,-2494,-2616
233.66,-880,-2495,-2615
233.68,-880,-2496,-2615
233.7,-880,-2497,-2616
233.72,-880,-2498,-2617
233.74,-880,-2498,-2617
233.76,-879,-2498,-2616
233.78,-878,-2499,-2616
233.8,-878,-2500,-2616
233.82,-877,-2500,-2616
233.84,-875,-2500,-2616
233.86,-874,-2500,-2616
233.88,-874,-2501,-2616
233.9,-873,-2502,-2615
233.92,-869,-2506,-2612
233.94,-864,-2511,-2610
233.96,-866,-2511,-2611
233.98,-869,-2510,-2613
234,-868,-2510,-2614
234.02,-867,-2511,-2613
234.04,-866,-2513,-2613
234.06,-865,-2515,-2614
234.08,-863,-2516,-2613
234.1,-861,-2517,-2612
234.12,-859,-2519,-2612
234.14,-858,-2521,-2613
234.16,-857,-2523,-2614
234.18,-855,-2524,-2613
234.2,-853,-2526,-2612
234.22,-850,-2528,-2612
234.24,-846,-2529,-2611
234.26,-843,-2530,-2610
234.28,-840,-2532,-2609
234.3,-835,-2538,-2606
234.32,-828,-2544,-2610
234.34,-823,-2543,-2608
234.36,-820,-2541,-2604
234.38,-819,-2542,-2608
234.4,-818,-2542,-2608
234.42,-814,-2543,-2608
234.44,-810,-2544,-2607
234.46,-805,-2546,-2606
234.48,-799,-2549,-2607
234.5,-793,-2551,-2608
234.52,-788,-2552,-2608
234.54,-782,-2552,-2607
234.56,-754,-2547,-2602
234.58,-728,-2541,-2597
234.6,-724,-2539,-2596
234.62,-721,-2537,-2595
234.64,-717,-2535,-2594
234.66,-712,-2532,-2592
234.68,-708,-2528,-2590
234.7,-705,-2525,-2588
234.72,-703,-2524,-2585
234.74,-701,-2522,-2583
234.76,-698,-2519,-2581
234.78,-695,-2516,-2578
234.8,-694,-2513,-2576
234.82,-694,-2511,-2575
234.84,-693,-2510,-2574
234.86,-692,-2509,-2573
234.88,-692,-2507,-2572
234.9,-691,-2505,-2570
234.92,-689,-2504,-2567
234.94,-688,-2503,-2565
234.96,-687,-2502,-2564
234.98,-686,-2502,-2563
235,-686,-2503,-2561
235.02,-685,-2503,-2559
235.04,-683,-2502,-2559
235.06,-681,-2502,-2559
235.08,-678,-2501,-2557
235.1,-676,-2499,-2556
235.12,-675,-2498,-2555
235.14,-673,-2497,-2553
235.16,-671,-2496,-2552
235.18,-670,-2496,-2551
235.2,-668,-2495,-2549
235.22,-665,-2493,-2548
235.24,-664,-2492,-2548
235.26,-662,-2490,-2548
235.28,-659,-2487,-2548
235.3,-658,-2486,-2548
235.32,-658,-2486,-2547
235.34,-658,-2486,-2545
235.36,-658,-2485,-2544
235.38,-657,-2483,-2543
235.4,-656,-2482,-2541
235.42,-656,-2482,-2540
235.44,-655,-2482,-2539
235.46,-653,-2480,-2537
235.48,-652,-2477,-2537
235.5,-651,-2476,-2537
235.52,-649,-2475,-2536
235.54,-647,-2473,-2535
235.56,-646,-2472,-2534
235.58,-646,-2472,-2534
235.6,-646,-2472,-2533
235.62,-646,-2472,-2531
235.64,-645,-2472,-2530
235.66,-644,-2471,-2531
235.68,-643,-2470,-2532
235.7,-643,-2469,-2533
235.72,-643,-2468,-2534
235.74,-643,-2469,-2531
235.76,-642,-2470,-2526
235.78,-642,-2470,-2526
235.8,-642,-2472,-2528
235.82,-638,-2475,-2524
235.84,-641,-2473,-2528
235.86,-645,-2467,-2530
235.88,-643,-2467,-2528
235.9,-642,-2470,-2532
235.92,-643,-2469,-2531
235.94,-644,-2468,-2531
235.96,-644,-2469,-2531
235.98,-643,-2470,-2530
236,-643,-2470,-2531
236.02,-644,-2469,-2533
236.04,-644,-2471,-2533
236.06,-644,-2472,-2532
236.08,-644,-2472,-2530
236.1,-644,-2472,-2532
236.12,-644,-2470,-2534
236.14,-644,-2470,-2532
236.16,-645,-2470,-2532
236.18,-647,-2470,-2533
236.2,-648,-2470,-2534
236.22,-648,-2470,-2534
236.24,-648,-2469,-2535
236.26,-648,-2468,-2536
236.28,-647,-2468,-2536
236.3,-646,-2467,-2536
236.32,-646,-2467,-2535
236.34,-646,-2468,-2534
236.36,-646,-2469,-2534
236.38,-646,-2470,-2533
236.4,-646,-2471,-2532
236.42,-646,-2471,-2532
236.44,-645,-2470,-2532
236.46,-645,-2470,-2533
236.48,-646,-2470,-2534
236.5,-647,-2470,-2535
236.52,-648,-2470,-2536
236.54,-648,-2470,-2535
236.56,-647,-2470,-2534
236.58,-645,-2470,-2533
236.6,-645,-2470,-2531
236.62,-646,-2469,-2531
236.64,-646,-2468,-2532
236.66,-646,-2468,-2532
236.68,-646,-2467,-2532
236.7,-646,-2466,-2533
236.72,-646,-2467,-2535
236.74,-646,-2468,-2536
236.76,-646,-2468,-2535
236.78,-646,-2468,-2533
236.8,-646,-2468,-2533
236.82,-646,-2467,-2534
236.84,-646,-2466,-2534
236.86,-646,-2467,-2534
236.88,-647,-2468,-2534
236.9,-648,-2468,-2534
236.92,-648,-2468,-2533
236.94,-649,-2468,-2532
236.96,-650,-2468,-2533
236.98,-649,-2468,-2534
237,-648,-2468,-2535
237.02,-647,-2469,-2535
237.04,-646,-2470,-2534
237.06,-646,-2470,-2533
237.08,-646,-2470,-2533
237.1,-646,-2470,-2533
237.12,-646,-2470,-2532
237.14,-647,-2470,-2532
237.16,-647,-2470,-2533
237.18,-646,-2471,-2533
237.2,-646,-2472,-2532
237.22,-646,-2471,-2533
237.24,-645,-2470,-2534
237.26,-644,-2467,-2534
237.28,-645,-2470,-2533
237.3,-648,-2471,-2532
237.32,-648,-2470,-2532
237.34,-646,-2472,-2532
237.36,-646,-2470,-2532
237.38,-647,-2469,-2532
237.4,-647,-2468,-2531
237.42,-647,-2468,-2530
237.44,-648,-2468,-2530
237.46,-647,-2469,-2530
237.48,-646,-2470,-2530
237.5,-646,-2470,-2530
237.52,-646,-2470,-2531
237.54,-645,-2470,-2531
237.56,-644,-2470,-2531
237.58,-644,-2471,-2532
237.6,-644,-2472,-2532
237.62,-644,-2471,-2532
237.64,-645,-2470,-2532
237.66,-646,-2470,-2531
237.68,-646,-2469,-2530
237.7,-647,-2468,-2530
237.72,-648,-2469,-2530
237.74,-647,-2471,-2530
237.76,-646,-2472,-2530
237.78,-645,-2472,-2530
237.8,-645,-2471,-2530
237.82,-646,-2469,-2530
237.84,-646,-2468,-2530
237.86,-646,-2467,-2531
237.88,-646,-2466,-2532
237.9,-646,-2467,-2532
237.92,-646,-2468,-2533
237.94,-646,-2469,-2534
237.96,-645,-2470,-2535
237.98,-644,-2470,-2536
238,-645,-2470,-2536
238.02,-646,-2470,-2535
238.04,-646,-2470,-2535
238.06,-646,-2470,-2535
238.08,-646,-2471,-2533
238.1,-645,-2472,-2532
238.12,-644,-2471,-2532
238.14,-644,-2470,-2532
238.16,-645,-2470,-2533
238.18,-646,-2470,-2534
238.2,-646,-2470,-2533
238.22,-646,-2470,-2533
238.24,-646,-2470,-2533
238.26,-645,-2470,-2532
238.28,-645,-2470,-2533
238.3,-646,-2470,-2534
238.32,-647,-2470,-2534
238.34,-648,-2470,-2534
238.36,-648,-2470,-2534
238.38,-648,-2470,-2534
238.4,-647.005705711154,-2470.98900929603,-2532.99641582057
238.42,-646.009405407332,-2470.97644131474,-2531.99273410263
238.44,-646.011105515889,-2469.96800908843,-2530.989739399
238.46,-646.012520853188,-2469.95948301544,-2529.98790874011
238.48,-647.01280848096,-2469.95384179669,-2530.9849911491
238.5,-648.013101217582,-2469.94890079622,-2531.98292841043
238.52,-647.01323096676,-2470.94210914772,-2531.97834546552
238.54,-646.013558649203,-2471.93335082142,-2531.97165254664
238.56,-645.01623125526,-2470.92477513971,-2532.96457896193
238.58,-644.020184468907,-2470.91789367658,-2533.95737044728
238.6,-644.027989742536,-2471.91163211919,-2532.94691534244
238.62,-644.03493519628,-2470.90508094958,-2532.93808890301
238.64,-644.042734893803,-2468.8963356445,-2533.93112090884
238.66,-645.050305890357,-2468.88747683417,-2533.92575251717
238.68,-646.056573101947,-2469.87973730915,-2534.91967324737
238.7,-646.064081735828,-2468.87203914868,-2535.91529705567
238.72,-647.071882605106,-2468.86425803699,-2534.91079473221
238.74,-648.078715432412,-2470.85599037078,-2533.90392182234
238.76,-648.087715254718,-2470.84916338179,-2533.89582651931
238.78,-647.098745255234,-2469.84218793784,-2532.88781198793
238.8,-646.110755220717,-2469.8351987487,-2531.88105286339
238.82,-646.124977874867,-2469.8255140179,-2531.87366005244
238.84,-646.136668250076,-2469.81659591085,-2532.86608460033
238.86,-646.147053570763,-2469.80752533721,-2532.86034861378
238.88,-646.156928108713,-2469.79634684226,-2531.85612252431
238.9,-645.165046984019,-2470.78756630512,-2532.85153180013
238.92,-644.172112129799,-2472.77790310758,-2532.8461741118
238.94,-647.180271858073,-2473.76743798146,-2535.84047183586
238.96,-650.185598077657,-2471.76019389444,-2535.83262001768
238.98,-650.190688091625,-2469.75354568964,-2531.82484899009
239,-647.194987862844,-2471.74595754464,-2527.81715662758
239.02,-646.197817174808,-2470.74055011281,-2528.80970867469
239.04,-648.201841138738,-2467.73494667709,-2532.80334350391
239.06,-647.206975355667,-2468.72967317444,-2531.79728713304
239.08,-646.213313604185,-2469.72429869896,-2531.79087419716
239.1,-647.219578681838,-2469.72149784277,-2532.78432449088
239.12,-647.22460601541,-2472.7157676173,-2534.77718623583
239.14,-648.230719426503,-2472.70809846268,-2533.77027613574
239.16,-647.236681882814,-2466.69901323657,-2531.76291837085
239.18,-649.242856498292,-2466.68906459648,-2531.75533149317
239.2,-650.250247943598,-2469.68070727789,-2532.74751109022
239.22,-646.258581558909,-2468.6717221613,-2533.73915105344
239.24,-646.267208817134,-2468.66356776259,-2533.73183565
239.26,-647.274679315931,-2469.6578753392,-2533.72462415669
239.28,-647.28247132098,-2469.65278325113,-2533.71829571616
239.3,-646.29006066288,-2469.64782938319,-2533.71251177925
239.32,-646.296861681393,-2469.64231983974,-2532.70688907827
239.34,-646.303760251924,-2469.63681636288,-2532.70105552105
239.36,-645.309320552947,-2469.63210583988,-2532.6944171509
239.38,-645.313614714796,-2468.62461159896,-2532.68762381275
239.4,-646.318933654662,-2467.61746981586,-2533.67958557791
239.42,-646.324181065089,-2467.6115323062,-2533.67166180035
239.44,-646.32974506813,-2467.60434701554,-2532.66354786877
239.46,-646.337116317229,-2468.59680785228,-2531.65734686016
239.48,-646.345545749501,-2469.59066253293,-2531.65132949231
239.5,-646.353082207086,-2468.58634043749,-2531.64548256359
239.52,-646.360496299918,-2467.58170701744,-2531.64162822631
239.54,-646.368297610207,-2467.57688782974,-2532.63846679291
239.56,-646.376593015841,-2467.5731895469,-2534.63589036721
239.58,-646.383199323329,-2467.56699429071,-2535.63224966256
239.6,-645.390752571091,-2467.56123047718,-2535.62906474197
239.62,-644.399391917635,-2467.55580661674,-2535.6259764202
239.64,-645.407938180356,-2468.54832758058,-2535.62364395887
239.66,-645.414706622449,-2469.54130772604,-2534.62109466396
239.68,-645.422289038159,-2469.53363213734,-2533.61908992194
239.7,-646.429515591034,-2470.52645387875,-2533.61788137693
239.72,-646.43593765337,-2470.51997340747,-2533.61664923827
239.74,-646.4428456985,-2468.5125162315,-2534.61717838974
239.76,-646.44866097605,-2467.50536460533,-2534.6181339147
239.78,-651.413230838225,-2463.16633113075,-2534.27476614662
239.8,-654.441511522536,-2459.4740391747,-2534.50642083761
239.82,-657.117412679762,-2457.90886309489,-2533.80719845154
239.84,-658.211761190263,-2458.48850552847,-2531.53925263599
239.86,-655.87082206692,-2459.10254038792,-2528.88816821772
239.88,-652.503095031185,-2460.16627580556,-2527.96111014604
239.9,-647.5620034227,-2460.99461097981,-2528.05855615386
239.92,-639.142630424118,-2461.55876001589,-2526.772755569
239.94,-630.300715241479,-2463.79892733125,-2525.55512637716
239.96,-620.753119574289,-2464.64884672243,-2524.37509505039
239.98,-610.040277564557,-2465.31275403961,-2523.07445028267
240,-600.446199599244,-2464.34229269638,-2522.85707113738
240.02,-593.177212145613,-2459.81799841079,-2522.8728274793
240.04,-586.369817512238,-2454.26877458489,-2522.23994666726
240.06,-580.206931972668,-2449.28217793588,-2522.1024009029
240.08,-575.470421337201,-2444.054737314,-2520.77631192626
240.1,-571.83271891055,-2438.78242324547,-2519.15318102465
240.12,-569.006074413775,-2433.65451541061,-2519.06455176671
240.14,-567.270878001898,-2428.34858308521,-2519.28015684726
240.16,-566.8924984831,-2422.49380414924,-2519.60306189905
240.18,-567.8898053479,-2416.42845544064,-2521.95089047235
240.2,-570.304550867356,-2410.73850054794,-2525.37887228822
240.22,-574.24930062679,-2405.27667427603,-2527.15548361616
240.24,-578.973108489958,-2400.10643056129,-2528.98148098861
240.26,-584.00599604493,-2396.04105607013,-2532.07025670332
240.28,-589.427930399701,-2392.72812967801,-2535.44961770055
240.3,-596.187024745492,-2390.11992581425,-2537.85570338568
240.32,-604.878557589696,-2388.83366295696,-2541.62415673219
240.34,-613.504240207216,-2387.69068441363,-2547.42958335174
240.36,-619.580188794532,-2386.4589207866,-2552.52774304834
240.38,-625.027910726566,-2386.04804531268,-2555.42918604374
240.4,-626.957579867554,-2387.3573682986,-2556.81941050676
240.42,-620.918039854961,-2394.24525292633,-2558.31607179774
240.44,-615.645921234105,-2400.77278600011,-2558.75576546254
240.46,-611.111181754946,-2405.41104672639,-2557.33809414563
240.48,-606.447868092432,-2411.00637230771,-2557.01308915389
240.5,-603.862107184772,-2416.10812905814,-2556.92082943426
240.52,-607.129077633811,-2416.27704747121,-2558.2851313971
240.54,-609.293665498894,-2416.64531501065,-2559.25566328556
240.56,-610.705774074186,-2417.24655730698,-2559.47593483878
240.58,-611.799803631524,-2418.58376329186,-2561.51839268839
240.6,-613.265509505083,-2419.95849143711,-2563.70602866284
240.62,-618.97125652309,-2426.2273376106,-2562.84284110999
240.64,-624.019486952307,-2432.27312968652,-2560.52803912677
240.66,-628.560763581807,-2439.22879594581,-2557.84368423748
240.68,-632.780076782748,-2446.21289892919,-2554.48998623708
240.7,-637.748977213332,-2451.19242228843,-2549.40341816245
240.72,-641.520315810158,-2456.08146343163,-2545.0456144199
240.74,-643.878275965943,-2461.62624146867,-2540.39713815109
240.76,-648.05537439154,-2467.03499546689,-2535.59889019244
240.78,-650.073027521944,-2466.02870825728,-2535.60160045821
240.8,-651.0875603702,-2465.02202892129,-2535.60407997294
240.82,-650.100241864259,-2465.01761181773,-2535.60678242465
240.84,-648.112995794951,-2465.01260086781,-2536.60939447008
240.86,-647.1248692832,-2466.00776755523,-2537.61126019147
240.88,-647.13859867801,-2467.00465889951,-2537.6140398818
240.9,-647.151824559095,-2465.99960113073,-2537.61707577036
240.92,-647.163692699778,-2465.99596929378,-2536.61914022877
240.94,-648.175071725094,-2465.99407147871,-2535.62168596833
240.96,-648.184302276594,-2464.98985615272,-2535.62422312162
240.98,-647.193708085593,-2465.98803316374,-2535.62970671001
241,-644.202564710892,-2467.98607196889,-2535.63626884453
241.02,-643.213971193218,-2470.98343206151,-2531.64401494234
241.04,-643.226551445627,-2470.98004091193,-2529.65126349099
241.06,-646.238943334594,-2470.97787504514,-2533.6598547584
241.08,-649.2529574879,-2469.9762937269,-2535.66899850268
241.1,-647.265036025295,-2467.97714999566,-2534.68082699342
241.12,-647.278337169944,-2468.97808099293,-2534.69159478793
241.14,-648.287529001753,-2468.97731381728,-2535.70345406755
241.16,-649.295861401192,-2467.97897298297,-2534.7161890472
241.18,-649.30153840982,-2466.98053884938,-2534.72769114403
241.2,-649.308830075945,-2466.98375674321,-2535.73980857548
241.22,-649.316192895526,-2465.98744311551,-2536.75068845196
241.24,-649.323344842697,-2465.99073336038,-2537.76170545009
241.26,-649.330011206601,-2467.9926794372,-2537.77228167248
241.28,-648.335338390513,-2467.99460059465,-2536.78292574359
241.3,-647.340748198561,-2467.99633352278,-2534.79413209743
241.32,-647.34882344001,-2468.9987958767,-2534.80534046964
241.34,-647.357044408001,-2468.00082375498,-2535.81562522186
241.36,-647.368781970489,-2467.00462078694,-2535.82482069102
241.38,-647.379178951083,-2467.00586147633,-2534.83338492136
241.4,-647.386332582156,-2467.00890096318,-2535.84062807481
241.42,-647.392478676068,-2468.01173245271,-2536.84709954421
241.44,-647.400124247009,-2469.01270576548,-2535.85202482929
241.46,-647.410544222273,-2469.01370406564,-2535.85645290378
241.48,-648.42051411619,-2469.0132353427,-2535.86212946713
241.5,-649.430704183065,-2469.01188702241,-2535.86733870599
241.52,-649.439474116861,-2468.01304791044,-2535.87419802017
241.54,-649.445308398372,-2467.01668701203,-2533.88221468776
241.56,-649.449355288951,-2467.02113726872,-2532.89013101185
241.58,-649.453119884198,-2467.02562922638,-2534.89778663935
241.6,-649.45484089977,-2467.02873034229,-2535.90768208204
241.62,-649.456186673371,-2467.03269013599,-2535.91721938474
241.64,-648.457475477748,-2466.0367952485,-2535.92596568055
241.66,-647.459640690765,-2466.04165522775,-2533.93414911405
241.68,-649.462337623706,-2468.04728374752,-2535.94166603339
241.7,-649.462258395201,-2469.05227233171,-2535.94885305823
241.72,-647.460882898598,-2467.05725813314,-2529.95680537657
241.74,-651.459912122214,-2465.06265222456,-2531.96736486131
241.76,-652.458286855337,-2466.06721167932,-2535.9785005929
241.78,-650.454843160751,-2467.07126271028,-2534.98963643135
241.8,-653.449398393443,-2468.07600601534,-2531.00038484047
241.82,-650.443136433284,-2466.08119786451,-2528.01295560812
241.84,-650.438297292878,-2464.08475815128,-2538.02596780857
241.86,-653.433263864854,-2467.08835513674,-2544.03807464863
241.88,-651.427355716794,-2467.09419515019,-2537.04866263855
241.9,-651.42217236811,-2466.09824332402,-2534.05930919667
241.92,-651.416838446853,-2468.10404925935,-2534.0709860462
241.94,-651.411102383129,-2469.11135863288,-2534.08365699527
241.96,-651.407694675722,-2469.11753535912,-2534.09673251542
241.98,-651.403542458577,-2468.12345287349,-2534.10990752018
242,-651.399214075318,-2467.12827309521,-2534.12287787843
242.02,-652.394641813587,-2467.13108904304,-2534.13735086724
242.04,-654.388611332767,-2468.13315015241,-2537.15116562026
242.06,-653.381714133497,-2466.13527500898,-2536.16699233194
242.08,-651.373860330634,-2466.13807860732,-2532.18314867464
242.1,-651.365406388673,-2468.13951357392,-2532.19891835791
242.12,-648.470854408187,-2467.63462804063,-2537.43496275737
242.14,-643.860262912139,-2468.10384570719,-2542.31551384984
242.16,-634.613361124587,-2469.24383904791,-2545.48362194154
242.18,-621.373807370428,-2467.71022187402,-2547.77267123414
242.2,-608.448264603982,-2462.38963668889,-2549.78840617195
242.22,-595.906276068882,-2456.82057888154,-2551.44012725817
242.24,-583.539708367266,-2450.21001825,-2553.68882031117
242.26,-575.096351758437,-2443.34977112117,-2555.92960685799
242.28,-576.599017070086,-2440.23767002851,-2557.51043109838
242.3,-580.243698695005,-2437.92076054571,-2562.71322437142
242.32,-583.318261802299,-2438.12074057326,-2564.18407963558
242.34,-581.215078105244,-2438.80269670716,-2563.3419627315
242.36,-580.612378854751,-2431.77223725441,-2566.82613487065
242.38,-586.08864842926,-2427.35712277094,-2572.42973906264
242.4,-595.202327178829,-2427.93902827168,-2577.18486476744
242.42,-602.502090835151,-2426.50549229075,-2581.8346761329
242.44,-608.993070918593,-2427.01032508134,-2586.52667803081
242.46,-614.350048762615,-2429.63723371966,-2597.15680393649
242.48,-625.514492616895,-2430.87077739286,-2590.89404421132
242.5,-630.01698712669,-2432.0954072812,-2576.98850901194
242.52,-633.890535853118,-2431.64836037095,-2572.56163159266
242.54,-643.747780776812,-2432.36224364676,-2569.83190284819
242.56,-651.781823600178,-2434.92187912633,-2565.16793829223
242.58,-653.34965950808,-2437.46089228468,-2564.88519289116
242.6,-652.840592480774,-2440.41754476102,-2564.16989195027
242.62,-646.703720645386,-2444.28650432631,-2560.48627459476
242.64,-638.197557592522,-2446.38818439315,-2557.67118969842
242.66,-627.355107083928,-2446.52923752431,-2555.14322361088
242.68,-614.350838690774,-2443.91765132094,-2549.3513471128
242.7,-603.476719791742,-2435.72717990513,-2541.03142768133
242.72,-599.49936336882,-2420.90524240847,-2532.26886100659
242.74,-602.427018844447,-2405.82456677195,-2524.68810287175
242.76,-612.394578293397,-2392.37195791279,-2517.35839120461
242.78,-628.821924642102,-2381.67792200795,-2513.06748371346
242.8,-649.779086813303,-2388.90252625376,-2515.24850503073
242.82,-664.591352747968,-2402.1115024057,-2521.0962393322
242.84,-671.253221471676,-2418.29006025926,-2525.627170897
242.86,-671.692294617949,-2433.38249051768,-2528.86775648498
242.88,-668.579124405226,-2446.40791143095,-2531.63345376771
242.9,-663.447185049506,-2456.21078557909,-2533.25984842423
242.92,-656.180843933253,-2462.6586774666,-2534.35540442943
242.94,-648.975629035241,-2466.25276358098,-2533.90719834683
242.96,-648.965583502997,-2466.25729908989,-2532.92035659619
242.98,-648.955824970185,-2467.26337345964,-2532.93418973349
243,-648.943847155254,-2467.27059459301,-2532.94570334315
243.02,-648.931081655073,-2467.27845325379,-2531.95601885116
243.04,-649.918401683717,-2467.28778811316,-2530.96613113944
243.06,-650.904550636879,-2466.29680412277,-2530.97629308603
243.08,-649.888134808899,-2465.30646464023,-2532.98618024606
243.1,-648.872071683033,-2465.31610740812,-2533.99709286413
243.12,-647.855236415492,-2465.3230979046,-2533.00917636086
243.14,-646.840412490122,-2465.3318683028,-2533.02139232152
243.16,-646.825089215434,-2465.34158287666,-2534.03337446983
243.18,-646.809404996213,-2464.35282629983,-2535.04499244674
243.2,-646.792551983339,-2463.36545568124,-2534.05671907505
243.22,-646.778212924021,-2463.37642744537,-2532.06699041657
243.24,-646.765817393484,-2463.38729822245,-2531.07733787374
243.26,-647.753584233623,-2463.39806384116,-2532.08761806148
243.28,-648.74272017494,-2463.40713142153,-2532.09811800414
243.3,-648.731670244389,-2463.41541732807,-2531.10800809257
243.32,-647.720415489248,-2464.42197983871,-2531.1198907046
243.34,-646.709245316215,-2465.42767110857,-2531.1329714009
243.36,-646.697727611957,-2465.43350208723,-2530.14729877809
243.38,-646.683899707756,-2465.44041031262,-2528.15955814494
243.4,-646.671396805854,-2465.44758410471,-2527.17151000517
243.42,-646.661707044389,-2464.45532249667,-2528.18283405732
243.44,-646.652501710137,-2464.46175301338,-2530.19257288793
243.46,-647.64305152893,-2464.46633399104,-2531.20402952516
243.48,-647.632415446206,-2463.47209367587,-2531.21454101178
243.5,-646.622145493807,-2463.47843514658,-2531.22417716187
243.52,-646.614656402845,-2463.48519718494,-2531.23374601638
243.54,-646.608287889661,-2463.49075091797,-2531.24237485624
243.56,-645.602598472982,-2463.49724292571,-2530.2499126199
243.58,-645.597534893452,-2463.50547840872,-2529.25753435077
243.6,-646.589182315825,-2463.5164599361,-2530.26655712243
243.62,-646.578859505969,-2463.5266968393,-2531.27543652464
243.64,-647.571106028166,-2463.53559676811,-2530.28302444318
243.66,-648.565993343756,-2463.54236836869,-2529.29047102306
243.68,-647.558865291888,-2463.54804977207,-2530.29876177658
243.7,-646.551811244842,-2462.55406565381,-2531.30750761273
243.72,-646.545436744244,-2461.55991537623,-2531.31650011395
243.74,-645.536103511483,-2462.56571951397,-2531.32369189083
243.76,-644.525706674426,-2463.57175722743,-2531.33010009365
243.78,-644.515813467263,-2464.57777986336,-2532.33560814384
243.8,-645.506226540155,-2464.58454129291,-2533.34046922114
243.82,-646.497891102614,-2463.58966624189,-2533.34515939046
243.84,-646.488850517995,-2464.59487916148,-2532.34976464442
243.86,-645.478466324952,-2464.59917024339,-2531.35388995425
243.88,-644.46779495869,-2463.6027546995,-2531.36029027258
243.9,-644.455181684419,-2464.6058775788,-2531.36594608375
243.92,-644.442398623956,-2465.60639077346,-2531.37241735501
243.94,-644.430874988784,-2465.60735986478,-2531.3768817482
243.96,-644.421533758428,-2464.60783856637,-2532.38090085794
243.98,-645.413585364751,-2463.60641510463,-2533.3845415721
244,-646.40634397719,-2463.60323404375,-2531.3862219221
244.02,-646.397433148473,-2463.60130141475,-2529.3877586097
244.04,-646.389578013403,-2462.59991431132,-2529.38882030911
244.06,-646.381691163286,-2461.59639377223,-2529.38967658897
244.08,-646.371707175961,-2461.59078380161,-2528.38945870805
244.1,-646.365773142686,-2461.58310621954,-2527.38899392369
244.12,-646.358845087496,-2461.57562924443,-2528.38743046487
244.14,-646.354481973324,-2461.56858627309,-2529.38582244082
244.16,-645.351887343472,-2461.55863767066,-2529.38310648972
244.18,-644.349535658874,-2461.54975743179,-2528.38068286548
244.2,-644.346517955089,-2461.54017135285,-2527.37934427022
244.22,-644.34337502186,-2461.52906589232,-2527.3792015264
244.24,-644.339563466988,-2461.51808344856,-2527.38015805877
244.26,-651.501198687597,-2456.57341504782,-2528.66099281948
244.28,-657.79310823782,-2451.73771476966,-2529.58616008256
244.3,-664.990772718568,-2447.4110145089,-2529.70472216101
244.32,-671.588671622092,-2443.12158661578,-2530.16793163706
244.34,-674.349960082985,-2440.42309658005,-2528.88726522855
244.36,-674.137633744182,-2440.39432464841,-2526.07709654528
244.38,-671.302434829988,-2442.7443476119,-2523.06031844008
244.4,-667.115890552725,-2445.41644265759,-2520.75960968896
244.42,-659.956539079493,-2448.31632240149,-2520.15919746716
244.44,-654.788774636917,-2450.06840788927,-2518.96887964783
244.46,-651.539744415661,-2451.175932811,-2516.95185889028
244.48,-648.202233103805,-2452.13604001931,-2514.93853566957
244.5,-644.47125171589,-2453.28343717743,-2514.07539626248
244.52,-638.880750137964,-2453.70475907581,-2513.11909579967
244.54,-629.292225899604,-2454.09770349173,-2511.99999840927
244.56,-618.099156745834,-2455.28711350716,-2511.04234515953
244.58,-606.658334913395,-2454.21571328975,-2510.0878489382
244.6,-602.641508381933,-2454.59125302711,-2508.94679853082
244.62,-596.538036726684,-2458.51316128249,-2506.93740452046
244.64,-585.322698563639,-2457.67522421699,-2504.08386683622
244.66,-579.19420343569,-2452.98008602834,-2503.10527835581
244.68,-573.266323782844,-2448.16512430961,-2502.13384381473
244.7,-566.341707418601,-2444.4819082935,-2501.27510402789
244.72,-559.565873937543,-2440.96601544555,-2501.48485483546
244.74,-554.218716533779,-2436.19665164121,-2501.02509705998
244.76,-549.239401848442,-2431.52620810044,-2502.05738619005
244.78,-544.788726872708,-2427.31585822398,-2503.34708481912
244.8,-541.00571436684,-2423.63867433609,-2501.86625379779
244.82,-538.986448160991,-2421.20966590537,-2504.02723466913
244.84,-538.777127326242,-2416.66567295664,-2509.36988282967
244.86,-538.177190774305,-2412.67331171982,-2508.36283128554
244.88,-536.813376564286,-2408.14137860902,-2503.23853328331
244.9,-533.516676976124,-2402.30325312628,-2500.52798181696
244.92,-531.150848062301,-2397.49238308978,-2500.86774061327
244.94,-532.335983801602,-2391.66741710954,-2504.1636069214
244.96,-535.332815115894,-2386.93383828719,-2505.76087778426
244.98,-533.543332750181,-2382.28942040806,-2503.67812784743
245,-531.944188438944,-2377.54141769852,-2503.49277147238
245.02,-536.499999013952,-2372.88741640754,-2506.3149787535
245.04,-541.527455885797,-2368.46275892543,-2508.47079225877
245.06,-546.948594976497,-2364.23225195126,-2508.93720704394
245.08,-551.232991346948,-2360.29240888295,-2511.53418665374
245.1,-554.209963628958,-2356.64384759398,-2515.17788487007
245.12,-558.011756237434,-2354.44332037067,-2518.75224572113
245.14,-561.732518335784,-2352.9429769414,-2521.24746033847
245.16,-563.694030955531,-2350.91741757269,-2522.80712882985
245.18,-567.187414272967,-2349.18386541118,-2525.53247028483
245.2,-573.153138362075,-2346.94520560077,-2528.33054132673
245.22,-581.610663382838,-2344.90580027295,-2532.17853988865
245.24,-590.654194643841,-2344.33192357807,-2535.5451619057
245.26,-598.837813562747,-2344.51078452666,-2538.33213227087
245.28,-609.640132084296,-2344.25812955785,-2544.96291870223
245.3,-616.429401655469,-2349.18920907564,-2550.31033505331
245.32,-617.868121346519,-2352.67634405089,-2552.93896512282
245.34,-617.651134678971,-2348.24154048884,-2556.30804721641
245.36,-618.570844359421,-2344.91233213112,-2557.14446181064
245.38,-619.513670803931,-2345.99697290867,-2555.77727455354
245.4,-612.064692074659,-2351.04992598357,-2553.14652201974
245.42,-600.996029268252,-2359.2424345858,-2550.4443529545
245.44,-590.343703398716,-2368.94450786872,-2548.54222140846
245.46,-581.314491270963,-2377.04930946806,-2548.36399405606
245.48,-576.328668972146,-2384.49022687601,-2548.8931058437
245.5,-578.397009935515,-2388.0763259795,-2548.2638426652
245.52,-582.808831982819,-2388.31034610404,-2547.66497277004
245.54,-586.166067244019,-2387.59129582953,-2548.78831703099
245.56,-589.467878627899,-2386.9319000945,-2550.0428858971
245.58,-591.766339274314,-2387.35385749256,-2550.77181917851
245.6,-592.328221410784,-2387.60505670447,-2552.1642785999
245.62,-592.643734406032,-2387.78679669983,-2554.84151549019
245.64,-593.193917085373,-2390.09582880298,-2557.34999176069
245.66,-593.098536981059,-2392.46336002824,-2558.78405661375
245.68,-592.389673816793,-2391.90887702344,-2559.0562773398
245.7,-594.041705643645,-2391.4300665629,-2559.32091813382
245.72,-596.67104167008,-2391.80074127468,-2560.0097732202
245.74,-598.263656281987,-2391.01870792826,-2561.03658039293
245.76,-599.657578021024,-2390.20510382362,-2563.02030197133
245.78,-600.670061637305,-2390.35985110852,-2563.71239267323
245.8,-601.395004479699,-2390.4906800965,-2565.14656804691
245.82,-601.900963304186,-2391.61033495847,-2567.49922185804
245.84,-608.283058638186,-2400.83077956912,-2562.52353424861
245.86,-613.646288620146,-2410.11620766333,-2557.24584130107
245.88,-618.100542790565,-2418.44144563833,-2551.56758868978
245.9,-623.48117962295,-2425.72566963741,-2546.39595631519
245.92,-627.676672212804,-2432.90067676625,-2540.97059373673
245.94,-631.557862333246,-2439.83491903594,-2533.40579932173
245.96,-635.945115289735,-2447.35841048409,-2525.68891082693
245.98,-640.128170477339,-2453.71060097401,-2518.99133705213
246,-640.130000560945,-2453.70476680921,-2519.98989228189
246.02,-641.132240098199,-2454.69781363799,-2519.98803677563
246.04,-641.133575433096,-2454.69022073947,-2518.98483729928
246.06,-641.133801413681,-2454.68438648262,-2519.98198682491
246.08,-642.135780283827,-2454.67819434,-2520.978606589
246.1,-642.137710160082,-2454.67039686314,-2520.97484712111
246.12,-642.13944351533,-2453.6620313574,-2520.96970371877
246.14,-642.141044436707,-2452.6550744932,-2520.96348945695
246.16,-642.141579304895,-2453.64827319551,-2520.95705812039
246.18,-643.141412347786,-2454.64052008597,-2520.95080023574
246.2,-644.141973211369,-2454.63157494907,-2520.94464543442
246.22,-643.140872177117,-2454.62166800845,-2519.93919244321
246.24,-642.139004473757,-2454.61076842644,-2519.93420507416
246.26,-642.134927380436,-2454.60019269673,-2520.93025055732
246.28,-643.132051813648,-2454.59127628289,-2520.92562387858
246.3,-644.132568545742,-2453.58254516422,-2520.92104924416
246.32,-644.132920026219,-2453.57494220895,-2520.91461882244
246.34,-644.132228272952,-2454.5670926282,-2520.90855227475
246.36,-643.129997441088,-2454.55866601067,-2520.90093145633
246.38,-642.127440042536,-2454.54925957179,-2520.89330105811
246.4,-642.125220721374,-2454.53998190521,-2521.88552109795
246.42,-642.123159383766,-2453.52987855734,-2522.8788724028
246.44,-641.120960405105,-2453.5199507527,-2522.87344132308
246.46,-640.118946944584,-2453.51034307059,-2521.86577680387
246.48,-640.117375800164,-2452.49992138205,-2519.85853226781
246.5,-640.117505953446,-2452.48783156154,-2518.8521116389
246.52,-641.115625348364,-2452.47472049915,-2517.84475590737
246.54,-642.112278718695,-2452.46294441088,-2517.83819913494
246.56,-642.109389630868,-2452.45159129687,-2517.83194149832
246.58,-642.106429247828,-2452.44126090405,-2516.82545795443
246.6,-642.105091648788,-2452.42916204298,-2516.81923726889
246.62,-642.103286142804,-2452.41604440214,-2516.81270275623
246.64,-641.099933716108,-2452.40404995622,-2517.80675205758
246.66,-640.094844476015,-2452.39409546897,-2518.80014149106
246.68,-640.089969257178,-2452.38522206465,-2518.79377058524
246.7,-641.08120666335,-2452.37732113982,-2518.78673535311
246.72,-642.071526398857,-2452.36933783325,-2518.77892587321
246.74,-642.06295774553,-2451.36042565588,-2517.77297611325
246.76,-642.054089172286,-2450.35256807536,-2517.76750064255
246.78,-642.044972705377,-2451.34453955546,-2517.76191225659
246.8,-642.034068550959,-2452.33622837096,-2516.7561471823
246.82,-642.021831660987,-2452.32740865211,-2517.75191573958
246.84,-642.01060756613,-2452.31755316471,-2518.74739002503
246.86,-641.002166782303,-2452.30853218983,-2518.74376788409
246.88,-640.993738794122,-2452.29740184106,-2519.73885423037
246.9,-641.986028038051,-2452.28797486996,-2520.73499243865
246.92,-641.975979560734,-2452.2805313776,-2519.73105778953
246.94,-642.964886557619,-2452.27119518238,-2519.72703082829
246.96,-642.953249660016,-2452.26178466563,-2519.72444106191
246.98,-641.938543425502,-2452.25308608497,-2518.7209587523
247,-641.922244205916,-2452.24708452593,-2518.71837763376
247.02,-641.905967637645,-2451.24176003236,-2518.71530317153
247.04,-641.888210755928,-2451.23588014397,-2518.713005872
247.06,-641.870124951748,-2451.23257938939,-2519.71049694851
247.08,-641.853457202866,-2450.23069867865,-2520.70938939822
247.1,-641.836211582636,-2450.22954875755,-2519.70719926791
247.12,-640.818303444836,-2451.22883312301,-2519.70634153126
247.14,-640.798782997213,-2451.22965443774,-2520.7068040345
247.16,-641.777675326261,-2450.23191668722,-2520.70800125448
247.18,-641.756028817187,-2450.23582467445,-2519.7098950709
247.2,-641.733297709526,-2450.23874136414,-2518.70992999696
247.22,-641.71006957945,-2450.24409093268,-2518.71020177162
247.24,-641.688004421066,-2450.25022029474,-2518.71047083361
247.26,-640.66778545234,-2451.25575244223,-2518.71182618928
247.28,-639.647673169818,-2452.25944394251,-2518.71389149222
247.3,-639.625673857537,-2452.26369097666,-2518.71680795712
247.32,-640.604270100094,-2452.26804349207,-2519.72120756589
247.34,-641.585126503937,-2452.27311919085,-2520.72656249904
247.36,-642.567191717398,-2452.27714391039,-2520.73243462531
247.38,-643.548982149428,-2452.28027938734,-2520.73812956943
247.4,-643.530810233141,-2451.28454453218,-2520.74410436333
247.42,-643.513864798928,-2450.29040315464,-2519.75233905715
247.44,-642.495680550928,-2450.29509156041,-2517.76092886313
247.46,-641.478809412513,-2451.30116538347,-2516.76900260846
247.48,-641.46150377138,-2451.3088842504,-2516.77803090801
247.5,-641.443893047852,-2450.31666064656,-2516.78739413854
247.52,-641.425757229526,-2450.32242995582,-2515.79765708508
247.54,-641.407851043509,-2450.33039719158,-2515.80841135843
247.56,-641.38883979514,-2450.33734666181,-2516.81971447666
247.58,-641.369516702805,-2450.34399167813,-2516.83111839417
247.6,-642.350527250923,-2450.35096813852,-2516.84009843038
247.62,-635.696725578548,-2446.62513004836,-2518.39619129932
247.64,-626.868341528972,-2441.6452951169,-2519.05649156793
247.66,-616.645285901926,-2433.57512507355,-2517.76893321869
247.68,-605.473003501541,-2421.22685804523,-2514.37670478659
247.7,-597.815805257324,-2404.30756223445,-2508.77330353259
247.72,-596.216808945329,-2384.27429453999,-2502.36764394659
247.74,-600.424730456205,-2362.95739980931,-2497.06509158338
247.76,-611.305066412375,-2342.35161495357,-2492.3945838528
247.78,-628.959198070006,-2340.19048749929,-2492.25726441507
247.8,-646.315326273682,-2342.39689394132,-2494.1932235267
247.82,-662.194676457534,-2345.91263305311,-2497.02176111616
247.84,-675.881849558468,-2350.68837600232,-2500.62756773477
247.86,-685.943990919651,-2357.86587182404,-2504.41388002031
247.88,-691.850374385984,-2367.46136262486,-2508.13132277426
247.9,-694.782238302905,-2376.65393993882,-2512.30586680691
247.92,-698.396485953629,-2386.68277216785,-2516.16201836194
247.94,-700.421743425503,-2397.89838471583,-2519.4820426625
247.96,-702.434058189743,-2407.02423336649,-2523.19159474422
247.98,-704.824812625619,-2413.62390368227,-2527.32829310689
248,-705.202965929582,-2418.74226344484,-2530.93731461528
248.02,-703.797599997974,-2422.0007606418,-2534.68815929189
248.04,-705.938844955939,-2424.86211984603,-2540.26419885523
248.06,-707.740057686717,-2427.65145804574,-2545.40579352656
248.08,-708.767178801418,-2430.43292987251,-2549.58784198519
248.1,-710.262225419902,-2434.88569449167,-2553.03763708723
248.12,-709.777016097525,-2439.56069560127,-2555.48978194656
248.14,-701.723671071571,-2442.30641225459,-2555.24621795121
248.16,-691.828326067856,-2445.28682662098,-2553.70527291353
248.18,-681.440269687332,-2446.75646330741,-2551.18962243623
248.2,-668.384379592198,-2449.92498643789,-2545.51286211904
248.22,-653.979053053244,-2453.84579781584,-2539.12630215311
248.24,-639.910738524563,-2456.5178582549,-2531.63294226103
248.26,-625.289235444411,-2455.58558054178,-2524.48949180201
248.28,-610.344414302713,-2452.32366589369,-2519.68144003109
248.3,-598.356606420387,-2443.21968637318,-2517.48311379368
248.32,-590.109630304655,-2430.69255039039,-2513.83518175918
248.34,-585.955800670562,-2416.10690040908,-2508.61174598478
248.36,-588.554842718108,-2400.8547912051,-2504.25734548988
248.38,-597.500888054026,-2385.15081045878,-2499.12265085974
248.4,-610.980366191236,-2371.58374868591,-2494.61602635943
248.42,-625.321540390033,-2359.27271237962,-2493.83299814042
248.44,-638.400770899789,-2350.36237543626,-2495.66450919088
248.46,-648.208064573133,-2346.40246998163,-2497.91240581136
248.48,-655.849965627789,-2344.37725081555,-2500.9547438323
248.5,-665.571007582114,-2345.23624560921,-2502.60748663816
248.52,-676.449647702538,-2348.2824355317,-2503.32967204697
248.54,-688.832915438717,-2353.30096567457,-2504.88271807671
248.56,-700.550791559776,-2356.54590046071,-2509.03623724052
248.58,-709.655853760066,-2366.57322547373,-2511.72606831156
248.6,-714.159214311479,-2378.24451241509,-2511.77061596533
248.62,-716.597980342587,-2383.23752132569,-2513.47686413533
248.64,-719.454276045891,-2388.56579397885,-2515.78575607495
248.66,-709.64440545295,-2399.24112027423,-2517.59575039564
248.68,-698.304855648858,-2408.16662250155,-2518.53515012221
248.7,-686.497060722618,-2416.7796811444,-2519.85894076218
248.72,-675.325736158197,-2425.47791368157,-2521.07039497433
248.74,-665.664603594298,-2434.16534361378,-2521.6637201222
248.76,-656.929814230234,-2441.49241950199,-2521.80927868966
248.78,-647.443288418361,-2447.17582518489,-2519.63132738943
248.8,-639.35066517907,-2451.4555115034,-2518.25766942323
248.82,-640.335093615174,-2450.44597708457,-2518.26464614532
248.84,-640.319923802414,-2450.43787361015,-2518.27145163119
248.86,-640.306417515704,-2450.42856541717,-2519.27646322253
248.88,-640.293517569014,-2450.41969282885,-2519.28163523027
248.9,-641.282411875946,-2451.4123827714,-2519.28657526122
248.92,-641.270574564113,-2451.40379845929,-2520.29022552627
248.94,-640.260209526551,-2450.39645312386,-2520.29294258967
248.96,-640.247277615945,-2450.38928846492,-2518.29618593011
248.98,-640.235978061883,-2450.38393016428,-2517.30146810167
249,-640.223286570589,-2451.37798786747,-2517.30538806443
249.02,-640.211815941313,-2452.37303429191,-2516.31046791879
249.04,-640.200895717995,-2452.36752914407,-2515.31704808847
249.06,-640.191687517141,-2453.36096960849,-2515.32363614833
249.08,-640.179811704252,-2453.35547738963,-2516.33209715586
249.1,-640.168089299775,-2452.35082524317,-2518.34122207811
249.12,-639.156961254969,-2451.34742989557,-2519.35171586965
249.14,-638.147684660558,-2450.34460387477,-2519.36278105388
249.16,-638.138798224083,-2450.34082200225,-2518.37520698776
249.18,-638.130274060578,-2451.33686421199,-2518.3871887171
249.2,-638.121813006409,-2452.332364775,-2518.39804170123
249.22,-638.11471606955,-2452.33016790934,-2517.41001897679
249.24,-638.108066397617,-2451.33067618165,-2518.42202624636
249.26,-638.104502985012,-2450.33028648678,-2519.43419635465
249.28,-638.099448267516,-2450.32946103348,-2519.44610688161
249.3,-638.093571847932,-2450.330380564,-2519.45726041424
249.32,-638.088768570879,-2450.32876618793,-2519.4683277613
249.34,-638.085772513313,-2450.32979239789,-2518.47861688375
249.36,-638.081752204954,-2449.33017023978,-2517.49002055738
249.38,-639.077752372267,-2449.32999150684,-2517.50274381243
249.4,-639.0729030753,-2450.32878090567,-2516.51537406451
249.42,-639.065947576687,-2450.32818917502,-2516.52702187682
249.44,-641.058901935378,-2451.32886876706,-2517.54003138956
249.46,-642.052905570112,-2452.33006820664,-2517.5537900122
249.48,-641.046949131677,-2452.33130937534,-2517.56678317075
249.5,-640.039654644844,-2452.33289477813,-2517.5786235667
249.52,-640.032581532191,-2452.33675429016,-2517.59059068959
249.54,-640.027101996735,-2452.3397960266,-2517.60133248173
249.56,-639.022774508975,-2451.34125605078,-2516.61102290859
249.58,-638.019054727379,-2450.34150597819,-2516.62057715509
249.6,-639.015488901116,-2451.34233456531,-2518.6273234298
249.62,-640.012481266751,-2452.34295919594,-2518.63316991966
249.64,-640.009732133002,-2452.34362058448,-2517.64011345601
249.66,-640.006852855084,-2452.34401797967,-2516.64750223874
249.68,-640.003347567108,-2451.34544726386,-2515.65431141757
249.7,-640.000994107706,-2450.34605539219,-2517.66216008963
249.72,-639,-2449.34681748182,-2519.67070477579
249.74,-638.000549896581,-2448.34923325167,-2518.67818983529
249.76,-638.002551013169,-2448.35093331667,-2518.68762899881
249.78,-638.005184146996,-2449.35349169937,-2518.69679409476
249.8,-639.011353901825,-2450.35526851871,-2517.70603960612
249.82,-639.019119587545,-2451.35631841017,-2517.71440578903
249.84,-639.026974484851,-2451.35674113808,-2517.72489272367
249.86,-640.033947324654,-2450.35823066099,-2517.73696345898
249.88,-640.03866287724,-2450.3609244196,-2518.74890572173
249.9,-641.044769199778,-2450.3622368182,-2519.75843290774
249.92,-641.0539871978,-2450.36414563578,-2518.76899791617
249.94,-640.063905629572,-2451.36724883927,-2517.7801423193
249.96,-640.069396348056,-2451.36984768483,-2517.79133984683
249.98,-639.074578087992,-2450.37224632474,-2517.80290931949
250,-638.0806563089,-2450.37371565846,-2516.81340714809
250.02,-638.085265835217,-2450.37449439025,-2515.82364089409
250.04,-638.090556260709,-2449.37835685631,-2517.83378907378
250.06,-638.096961438903,-2449.38228585782,-2519.84445213481
250.08,-638.102476447885,-2449.38499201689,-2519.85587679394
250.1,-637.105777468828,-2449.38675879043,-2519.86701730655
250.12,-636.110246166614,-2449.38764783813,-2519.87668586708
250.14,-635.115473751625,-2449.38748752716,-2519.88544171643
250.16,-635.121849914914,-2449.38816906927,-2519.89474445429
250.18,-636.128724831002,-2449.38730859305,-2518.9020575314
250.2,-637.139163604525,-2450.38691425439,-2518.90919934931
250.22,-638.151164297406,-2454.3850145176,-2516.91661085732
250.24,-638.162781147761,-2456.38381620751,-2519.9230035337
250.26,-638.174271777261,-2451.38375829984,-2519.92919264341
250.28,-638.185763036303,-2448.38562973921,-2515.93414991313
250.3,-638.19970601554,-2449.38789348129,-2518.93740324327
250.32,-638.213414528001,-2450.38896391781,-2520.94021952664
250.34,-638.226153637732,-2450.38984174603,-2521.94207506614
250.36,-639.239328608759,-2450.39127271085,-2520.94363011026
250.38,-639.254430242268,-2450.39427308617,-2518.94566245763
250.4,-638.26926586426,-2449.39773411358,-2517.94633069367
250.42,-639.283666434631,-2449.40014808021,-2517.94608435673
250.44,-640.299716399975,-2450.40256038383,-2516.94555829254
250.46,-640.316287194946,-2450.40428710199,-2516.94568570578
250.48,-639.335191823238,-2450.40381869063,-2516.94532996245
250.5,-639.355516233702,-2450.40431343014,-2516.94644745219
250.52,-639.376388967715,-2450.4064243425,-2517.94824290294
250.54,-640.398209431625,-2452.40760419772,-2515.94862177245
250.56,-640.419680402755,-2453.4099500997,-2513.94969315171
250.58,-638.443117432987,-2453.41022375072,-2521.95077096307
250.6,-640.466160823579,-2453.41146749761,-2529.95428053099
250.62,-641.487864004645,-2451.41025862379,-2523.95758922457
250.64,-639.508384735523,-2450.4090076763,-2517.96233502234
250.66,-638.530315105205,-2451.40748838617,-2518.96801688221
250.68,-638.552891529436,-2452.40652129308,-2519.97329033539
250.7,-638.574407099279,-2452.40532318252,-2518.9783658086
250.72,-639.593227024165,-2451.4048632785,-2517.9820310205
250.74,-640.609569759622,-2450.40354190377,-2517.98459026327
250.76,-640.624904052273,-2450.40277580369,-2518.98692240422
250.78,-640.638196471326,-2450.40166817579,-2518.98988378892
250.8,-640.650941448715,-2450.40274400815,-2517.99284254321
250.82,-640.664167724823,-2449.40398832848,-2518.99455535256
250.84,-639.679533269495,-2448.40527758131,-2518.99623366187
250.86,-638.695524908964,-2448.40748472295,-2518.99701682914
250.88,-638.710955189535,-2449.41014029142,-2519.99670180684
250.9,-638.725026571935,-2450.41449423906,-2519.99656743735
250.92,-638.742066555242,-2450.41664595529,-2520.99659125679
250.94,-631.051768783822,-2447.20705502413,-2515.42073267841
250.96,-623.578858513416,-2443.26726987864,-2508.57392269107
250.98,-614.561122020093,-2437.72619388629,-2501.15742723184
251,-606.740309699087,-2431.98233791297,-2492.57868003484
251.02,-604.243754890119,-2423.96168190897,-2485.65147025898
251.04,-604.70774908412,-2414.77085147013,-2480.10874263049
251.06,-607.753940344739,-2407.12250290032,-2474.08382302542
251.08,-613.946917138441,-2400.67883033965,-2468.48015492359
251.1,-623.228825730904,-2403.05541713877,-2469.65752934514
251.12,-625.820476753657,-2406.44479022518,-2470.96901589124
251.14,-627.094703131493,-2410.24893018794,-2471.43917186856
251.16,-626.689328173374,-2414.73402281863,-2471.74547829621
251.18,-624.715691739793,-2417.18221815079,-2472.91151542066
251.2,-621.97383524479,-2418.58701923122,-2473.2363220265
251.22,-617.95959102871,-2417.91120887303,-2473.84766760232
251.24,-613.673173119089,-2415.88894706538,-2473.5929181739
251.26,-612.564004051094,-2413.53274777442,-2474.61526645161
251.28,-613.76030680924,-2409.82729142828,-2477.16079362517
251.3,-614.908542542491,-2405.46879485792,-2479.19304928987
251.32,-618.00108684155,-2401.04913736105,-2480.9216418764
251.34,-623.761543102859,-2397.25018523648,-2484.74907949263
251.36,-630.171997604205,-2395.93341641236,-2491.1667043277
251.38,-637.196626703077,-2396.30754591079,-2496.37380351637
251.4,-643.140526976874,-2396.74054309328,-2500.27104838254
251.42,-645.937586042325,-2397.8164281339,-2503.7028182667
251.44,-648.023913889428,-2399.22278638145,-2506.47283870847
251.46,-649.561503843083,-2399.56162365553,-2509.11314825179
251.48,-653.616267530656,-2398.89969326036,-2513.87174338053
251.5,-658.685212109602,-2401.26505208326,-2516.53632061252
251.52,-658.546708028133,-2404.56668268858,-2512.95357648608
251.54,-657.937582555245,-2405.84913473898,-2519.0097360593
251.56,-662.268276431671,-2404.33069347148,-2525.42344862247
251.58,-668.342021256222,-2402.46794955004,-2523.98165304344
251.6,-674.785213272756,-2402.52227616403,-2525.26922700137
251.62,-681.054191342205,-2404.03130639726,-2527.113286383
251.64,-686.767119356508,-2406.66830053824,-2528.61134129333
251.66,-689.385297839231,-2411.88502449432,-2529.11688970735
251.68,-688.518834447814,-2418.50530655886,-2528.05073981
251.7,-683.632660194815,-2425.03054199644,-2526.64910172389
251.72,-676.175439259063,-2430.27343548853,-2527.06174217207
251.74,-662.56276603904,-2436.31825494348,-2524.8617549396
251.76,-650.135954025409,-2440.46291650561,-2522.49628134546
251.78,-640.152507177795,-2443.53941699745,-2520.44294906902
251.8,-633.523078749346,-2444.41236139195,-2517.84761606852
251.82,-631.156324621006,-2444.06835321503,-2515.70451012016
251.84,-631.81996674579,-2444.71478050444,-2514.94878463298
251.86,-634.194342349466,-2446.3856700854,-2514.43945470735
251.88,-637.389793148413,-2449.81180127094,-2513.97965491014
251.9,-638.393478531193,-2450.82429697879,-2514.97475917963
251.92,-639.397855386641,-2450.83635113892,-2516.96925613764
251.94,-639.40180622269,-2450.84635480567,-2516.96378411108
251.96,-640.405192210044,-2450.85577252096,-2515.95647782217
251.98,-640.407966844258,-2450.86384327009,-2515.94855467281
252,-639.41042387129,-2450.87095504359,-2514.94142672992
252.02,-639.411927950583,-2450.87757413233,-2513.9338936542
252.04,-639.413847603427,-2450.88368355677,-2513.92727572498
252.06,-639.417213625032,-2450.89035990548,-2513.92038412697
252.08,-639.424120383902,-2450.89569062008,-2514.91227426362
252.1,-639.430071907174,-2450.90126266814,-2515.90356547517
252.12,-638.435882929445,-2450.90551087136,-2515.89410074715
252.14,-637.440154096103,-2450.90752728562,-2515.88344968949
252.16,-638.444380249934,-2450.90913463909,-2515.87042923833
252.18,-638.447180464947,-2451.91093702935,-2516.85883660054
252.2,-638.451319564469,-2452.91376620594,-2516.84837849759
252.22,-639.454422189206,-2452.91562639643,-2515.83682721443
252.24,-639.45728766688,-2452.91527500049,-2516.82632023376
252.26,-639.458378519623,-2452.91418168867,-2517.81476914376
252.28,-639.460521063799,-2452.9145869679,-2516.80360411372
252.3,-639.461032310389,-2452.91428559579,-2515.79463714603
252.32,-638.460362834979,-2452.91694646346,-2515.78649595669
252.34,-636.458579853915,-2453.91797163853,-2516.77943971604
252.36,-637.456941629723,-2451.91775662132,-2515.77306094448
252.38,-637.455216422067,-2450.91949163276,-2513.76526476547
252.4,-639.453209421758,-2452.92079360949,-2511.75679949451
252.42,-640.453618932035,-2451.9209195153,-2512.74818882774
252.44,-637.453828938015,-2449.91909542511,-2515.73870800838
252.46,-637.45255284257,-2448.91673633705,-2515.72941357427
252.48,-637.451521220339,-2448.91340059358,-2514.71987811361
252.5,-637.450411887096,-2449.9106743408,-2513.71094965235
252.52,-637.448187218783,-2451.90689042894,-2513.70201501985
252.54,-637.443628124768,-2451.90303503154,-2512.69364092926
252.56,-637.438190790268,-2450.89984650694,-2512.68633204609
252.58,-637.433029953472,-2451.89578176291,-2513.67884377808
252.6,-638.426333145975,-2452.89082875721,-2513.67379716406
252.62,-640.419488900141,-2452.88562050618,-2513.66948444736
252.64,-641.414444194269,-2452.88106295396,-2512.66447315359
252.66,-641.407951678533,-2452.87636181059,-2511.65876231125
252.68,-641.401765117988,-2452.87215675353,-2512.65301400466
252.7,-641.396093891147,-2451.86975668549,-2513.64627550966
252.72,-641.389971222552,-2450.86624379773,-2513.63922665063
252.74,-641.383299658716,-2449.86106307326,-2512.63255899
252.76,-640.377487429792,-2448.85620567142,-2513.62342842178
252.78,-637.371252878725,-2448.85153838933,-2512.61449871815
252.8,-639.362255913847,-2451.84645991568,-2513.6067430231
252.82,-639.354472108768,-2451.84255015379,-2513.5997396053
252.84,-635.346041632718,-2451.83981934911,-2511.59058342991
252.86,-635.337496006863,-2453.83526798034,-2513.57906148933
252.88,-637.330533525967,-2452.83024063889,-2514.56733333977
252.9,-638.320943216838,-2451.82619393321,-2515.55806293604
252.92,-637.311812793514,-2451.82069893638,-2515.5475334431
252.94,-638.302797702054,-2452.81370996914,-2512.53863792715
252.96,-636.29669809856,-2450.80742061095,-2513.52835220295
252.98,-636.29310805515,-2450.80249944697,-2515.51626617626
253,-637.289991946269,-2455.79665065792,-2513.505034415
253.02,-637.289004425387,-2455.79201553508,-2514.49515455469
253.04,-638.288065740968,-2452.78532349558,-2515.48417175592
253.06,-638.286919854037,-2452.77887958975,-2516.47219218076
253.08,-639.286502568039,-2451.77162439077,-2516.4591692749
253.1,-639.287788724173,-2450.7651363931,-2514.44498921165
253.12,-640.2882779327,-2450.75970073601,-2513.43177708761
253.14,-641.289535413525,-2451.75562980516,-2514.41828140302
253.16,-640.289645354124,-2452.75129354102,-2515.40379929948
253.18,-640.290015793691,-2452.74609942894,-2515.39062399997
253.2,-641.289550129147,-2452.74007333725,-2515.37990092476
253.22,-641.287926196414,-2452.73488497,-2515.36730500934
253.24,-641.288078811232,-2452.72826349617,-2515.35506335805
253.26,-641.2869509755,-2452.72093110133,-2515.34264902277
253.28,-641.286144667875,-2452.71202175231,-2514.33141281393
253.3,-640.284283477445,-2452.70312720842,-2513.31920727923
253.32,-640.284147627194,-2452.69501301856,-2514.30830231703
253.34,-640.282781851464,-2452.68704903735,-2515.2988242172
253.36,-639.281436020757,-2452.67802059096,-2515.28984620573
253.38,-639.279437421333,-2452.66952759402,-2515.27931576839
253.4,-639.276709617641,-2452.66057245172,-2516.26992007612
253.42,-638.275299964315,-2452.65308228768,-2516.25975193319
253.44,-638.271764671442,-2452.64568646915,-2515.25017799931
253.46,-639.268612637722,-2452.63948345933,-2515.2398299849
253.48,-639.265365574731,-2452.63404612771,-2515.22976275398
253.5,-640.261936245617,-2452.6275192197,-2514.21719978369
253.52,-641.259581042777,-2452.62164387176,-2513.20252199547
253.54,-638.256364571078,-2450.61542185996,-2509.19048336781
253.56,-637.2545774877,-2448.60818213405,-2507.17793263394
253.58,-641.251343057137,-2451.60161553489,-2513.16603064091
253.6,-643.248327965375,-2454.59433954853,-2515.15327592389
253.62,-641.245514173658,-2452.58783540689,-2514.14023137704
253.64,-639.242778032273,-2450.58118718947,-2515.12554500476
253.66,-640.239970777134,-2451.57555781082,-2515.11073913765
253.68,-641.236696418718,-2452.57176387435,-2514.09645069016
253.7,-641.235857864154,-2452.56954782863,-2513.08217282037
253.72,-641.237080595285,-2451.56598814067,-2512.0680094146
253.74,-641.239064655163,-2449.56254736867,-2511.05431691123
253.76,-640.23734272655,-2449.55689248955,-2513.04115730159
253.78,-639.237441462748,-2449.55126790188,-2515.02763056412
253.8,-639.239504429178,-2449.54530514823,-2515.01435479478
253.82,-639.240303206191,-2450.54121545552,-2515.0020514177
253.84,-639.239254259826,-2450.53775226069,-2515.98897159803
253.86,-639.242012458071,-2450.53459492687,-2516.97575315242
253.88,-639.246366871996,-2451.53195911648,-2514.9646257919
253.9,-639.251130554948,-2452.52817689804,-2512.95522573154
253.92,-639.253911151011,-2452.5247125396,-2512.94452911161
253.94,-639.259347895411,-2451.51879047193,-2511.93315862899
253.96,-639.264133568313,-2450.51206021684,-2510.92219650425
253.98,-639.267982154748,-2450.50613046286,-2511.9109963535
254,-639.270684934902,-2450.49946210911,-2512.90070638286
254.02,-639.275630620948,-2450.49110264117,-2512.89023530569
254.04,-639.282111662516,-2451.48320296674,-2512.8792873343
254.06,-639.287743145602,-2452.477159078,-2512.86979125458
254.08,-639.294571725806,-2452.4705123909,-2511.86027667556
254.1,-639.302153570472,-2451.46356727812,-2510.85190796893
254.12,-639.310338849916,-2450.45548492405,-2510.84303794856
254.14,-639.32110352294,-2450.44611712315,-2509.8331237247
254.16,-639.333353488734,-2450.43827989186,-2509.82238672485
254.18,-639.344263560696,-2451.43149872827,-2509.81355499174
254.2,-639.35354732718,-2452.42440990016,-2508.80363177639
254.22,-639.360336689532,-2452.41830675556,-2508.79537132377
254.24,-640.368362832225,-2451.41246468959,-2508.78834464068
254.26,-640.376113719397,-2450.40768617404,-2509.78126515398
254.28,-640.383986217308,-2450.40290997295,-2512.77320540846
254.3,-637.401668430375,-2438.86452026186,-2516.61107956833
254.32,-633.950868022439,-2428.44535141705,-2518.23701321113
254.34,-632.500646056188,-2418.98906105028,-2520.04920417106
254.36,-631.596778241377,-2408.32939724451,-2523.37318603289
254.38,-628.303457790228,-2399.13762138794,-2527.32929603043
254.4,-619.312498360528,-2393.34893827683,-2529.0568717098
254.42,-609.661066732153,-2389.9915975754,-2529.82269894396
254.44,-599.657941094228,-2387.58379764132,-2531.44779728264
254.46,-595.157120968087,-2394.6373020203,-2531.38595992997
254.48,-594.732279821737,-2399.04220551523,-2532.17575518468
254.5,-598.276915384603,-2399.25256040122,-2534.07729949985
254.52,-600.465458244574,-2400.43451810888,-2534.96822642253
254.54,-601.864981567744,-2400.89838086412,-2535.96366066769
254.56,-602.856044992671,-2400.33956841867,-2538.32009728862
254.58,-603.828734648131,-2399.66126701742,-2540.06274988058
254.6,-605.177733437372,-2400.05137151483,-2541.94105089745
254.62,-606.917323136114,-2400.49893329086,-2543.71136850157
254.64,-608.455273880309,-2401.80505842879,-2545.52909275499
254.66,-608.61711387381,-2403.00395341243,-2547.34341356647
254.68,-609.515825409134,-2403.18748616399,-2548.2072174042
254.7,-611.336522828523,-2403.52161137065,-2548.802908752
254.72,-611.1592914697,-2404.10323365199,-2550.83629798042
254.74,-612.279665643223,-2403.98233108482,-2552.66848587399
254.76,-613.735413787881,-2404.14318198469,-2553.54482385421
254.78,-615.055914963189,-2405.37346281159,-2553.20479129919
254.8,-615.990477534171,-2406.22939135449,-2552.30939564466
254.82,-615.613271160593,-2406.78957876785,-2552.30517478496
254.84,-616.036537541149,-2407.23191473612,-2551.23568854921
254.86,-616.454487156648,-2407.8019822834,-2550.99302986812
254.88,-617.193379122091,-2408.52773024845,-2552.74399747018
254.9,-618.165513189424,-2409.68757906337,-2553.89876256285
254.92,-619.146582893357,-2411.09730996617,-2555.40458986114
254.94,-620.94336973964,-2412.43631780173,-2556.22916687959
254.96,-622.411589930269,-2414.21314164585,-2556.5662294073
254.98,-622.987682480474,-2415.58549598294,-2557.90959391181
255,-623.809912582626,-2415.63219352157,-2559.12329261209
255.02,-624.805058657301,-2414.46565303377,-2559.08213716618
255.04,-624.774913890937,-2414.20575576968,-2558.68053139737
255.06,-624.833206441239,-2414.04061916841,-2558.75545624468
255.08,-625.517982583799,-2414.04659037186,-2557.7520431082
255.1,-626.859535533965,-2414.1598507464,-2556.85123650088
255.12,-628.023164613372,-2413.30034727503,-2558.05818758724
255.14,-627.002572992242,-2414.47731471158,-2557.21674078686
255.16,-625.654696861318,-2415.86195762455,-2556.15437357735
255.18,-625.145946302234,-2416.44320990022,-2556.76100083617
255.2,-624.575711477653,-2416.200029046,-2556.06911550287
255.22,-623.939014720499,-2417.08367653459,-2555.27761830343
255.24,-623.441679568458,-2418.97323819541,-2554.73816212482
255.26,-624.112841380904,-2419.59621109214,-2555.36041037129
255.28,-623.859544029204,-2418.87125704212,-2555.10597864027
255.3,-622.620939553765,-2417.88444981744,-2552.9786791303
255.32,-622.556393993373,-2417.80157142065,-2552.0857979999
255.34,-622.670859058406,-2417.80253338842,-2552.06605077444
255.36,-623.843930739346,-2418.06951955136,-2552.32357256246
255.38,-623.980228308721,-2419.60292387464,-2551.55784531705
255.4,-625.199688425607,-2421.17055872091,-2550.02305494037
255.42,-625.285584677367,-2421.88116210552,-2544.62886773309
255.44,-626.951198557503,-2425.12666560477,-2546.6237037901
255.46,-626.40327042657,-2431.02304619101,-2548.35760853815
255.48,-625.010768761607,-2436.77222364889,-2539.18668971427
255.5,-627.618568654981,-2442.58083509378,-2530.78137600167
255.52,-629.283935487237,-2448.23642860004,-2525.08406046223
255.54,-631.293846540728,-2450.25726808558,-2523.02391561452
255.56,-633.64702116402,-2449.62114000155,-2520.66541593743
255.58,-635.901855057774,-2449.96959158987,-2518.3291349372
255.6,-638.048788831063,-2450.21125398797,-2516.0811504803
255.62,-639.126629016556,-2450.34310674611,-2514.86039842838
255.64,-639.194991557332,-2451.397647456,-2513.62741997476
255.66,-640.303666056241,-2452.42441625517,-2511.35653233347
255.68,-640.457170524358,-2452.44873355997,-2510.04305306377
255.7,-640.639525850494,-2452.4812585627,-2509.70146833655
255.72,-640.666875309614,-2451.48447032076,-2510.71277613871
255.74,-640.693601235155,-2450.49026967387,-2509.72429577038
255.76,-640.718652754818,-2451.494796164,-2508.73651767806
255.78,-641.742476734125,-2451.4987762631,-2508.74846902574
255.8,-642.766823496379,-2451.50447256164,-2509.75973206779
255.82,-641.78883818086,-2452.5097129367,-2510.77104026474
255.84,-640.811222814242,-2451.51518370251,-2510.78208822851
255.86,-640.834794035814,-2449.52205131374,-2510.79280463994
255.88,-641.858959277032,-2448.52784230538,-2510.80286096522
255.9,-641.884843619701,-2448.5319784794,-2510.81075129223
255.92,-641.912282144189,-2449.53556165778,-2509.81831874838
255.94,-643.939294018897,-2450.54008885081,-2508.82422652597
255.96,-643.9673370927,-2449.5449899075,-2509.8312390378
255.98,-642.995788429232,-2449.5473753269,-2510.83954186981
256,-643.02318453066,-2450.55070313649,-2511.84738941826
256.02,-642.051313501926,-2449.55382214305,-2511.85346331099
256.04,-642.079733082976,-2449.55706714574,-2510.85995775211
256.06,-643.106491469635,-2450.55857790519,-2510.86863729356
256.08,-643.133263748841,-2449.56194475341,-2509.8776878162
256.1,-643.159330000991,-2449.56655125608,-2509.88721100487
256.12,-643.186553773476,-2450.56978053202,-2509.89555346727
256.14,-643.213554921979,-2450.57227017206,-2509.90383487025
256.16,-643.240311407137,-2450.57526148566,-2510.91338414044
256.18,-643.267461020538,-2450.58020261432,-2510.92385339803
256.2,-643.293507972577,-2450.58645953395,-2510.93161602034
256.22,-642.320377200469,-2450.5916447038,-2511.94010012588
256.24,-642.347046389694,-2450.59762700231,-2511.94791643242
256.26,-643.372655605356,-2451.60473072521,-2510.95566602007
256.28,-642.398650914921,-2452.61077352633,-2509.96167136765
256.3,-641.42260681877,-2452.61586472902,-2508.9694855576
256.32,-642.445445993738,-2452.62020863427,-2509.9757009701
256.34,-643.469660399022,-2452.6255766723,-2510.98159043929
256.36,-642.493863694826,-2452.63177218234,-2511.98724055247
256.38,-641.515444182805,-2451.63528809556,-2512.99389038502
256.4,-642.536903707451,-2450.63839709546,-2512.99959148821
256.42,-642.555934257595,-2450.64279391038,-2513.006465761
256.44,-641.575345092813,-2450.64824311304,-2513.01217586846
256.46,-641.59324390115,-2450.65318872089,-2512.01900961107
256.48,-641.607909158305,-2450.65745493648,-2511.02622250407
256.5,-642.62260961703,-2450.66183504664,-2511.03568180493
256.52,-643.637224230222,-2449.66628663901,-2511.04667029829
256.54,-643.653078247775,-2449.67191484204,-2511.05687999317
256.56,-644.668443614255,-2450.67767319252,-2512.06827643499
256.58,-645.684171642476,-2449.68358356516,-2514.07904999748
256.6,-644.696537478193,-2449.68947218545,-2515.08922471792
256.62,-642.70999163853,-2450.69536963962,-2515.0996424804
256.64,-642.723076325367,-2450.70045931433,-2515.10904027222
256.66,-642.734886672724,-2450.70539323822,-2514.11818675048
256.68,-642.747669683034,-2450.7088322846,-2514.12749801026
256.7,-643.759177873574,-2450.7121691008,-2514.13738138299
256.72,-643.770302062679,-2450.71606125866,-2512.1484671613
256.74,-642.781247509191,-2450.72016632834,-2510.16008460815
256.76,-642.792672684014,-2450.72510835054,-2510.17233733873
256.78,-643.801974007531,-2450.72916712705,-2510.18637660021
256.8,-642.810269618857,-2450.7332685209,-2510.19971358982
256.82,-641.818574176802,-2449.73506856822,-2511.21184514259
256.84,-641.825523581795,-2448.73618232107,-2512.22346260618
256.86,-641.830133441699,-2448.73803280459,-2513.23452882218
256.88,-641.832081124912,-2449.73838293995,-2513.24617360784
256.9,-641.836643830741,-2449.73794716537,-2512.25767745921
256.92,-641.841387761143,-2449.73843637739,-2511.27197898909
256.94,-642.84549829974,-2451.73896758386,-2512.28723519921
256.96,-642.850122625541,-2451.73797464148,-2512.30294941522
256.98,-641.85622892211,-2450.73709942392,-2511.31876033316
257,-641.862246493282,-2451.73528706715,-2512.33407277584
257.02,-641.867119266162,-2452.73501853517,-2513.34927975843
257.04,-641.870429223041,-2452.73376375797,-2513.36397141494
257.06,-640.876104599373,-2451.73268603458,-2513.37573855792
257.08,-639.881024603499,-2451.73144280223,-2513.38739535567
257.1,-639.886306418864,-2452.72919928517,-2513.39685766138
257.12,-640.889559656116,-2452.72804359243,-2513.40467397119
257.14,-640.891825611449,-2452.72726408021,-2512.41316883178
257.16,-640.891993128794,-2451.72498321914,-2511.4220269638
257.18,-641.891845853347,-2450.72364007387,-2511.43051788391
257.2,-641.892657045344,-2449.72148985962,-2511.43943477007
257.22,-641.896064129731,-2449.71670299915,-2511.44592382461
257.24,-641.900279171214,-2450.71051065693,-2511.45363898445
257.26,-642.90230774902,-2450.70249756998,-2511.46179768496
257.28,-643.903472752093,-2450.69394791296,-2511.47028243999
257.3,-643.901866879887,-2449.68478872698,-2511.47864835117
257.32,-643.900435333304,-2449.67431642388,-2511.48736235996
257.34,-642.896947254903,-2450.66402802135,-2511.49486302334
257.36,-641.891956930215,-2450.6550361601,-2511.50114789674
257.38,-642.885718688186,-2450.6438290053,-2512.50614143071
257.4,-642.878310128322,-2451.63371008018,-2514.51032036967
257.42,-642.868590611055,-2451.6249615899,-2515.5134035014
257.44,-643.857885265552,-2450.61698719573,-2515.51602011564
257.46,-643.846503895056,-2450.60968643193,-2515.51887715468
257.48,-642.837275259233,-2450.60216607872,-2515.52304733182
257.5,-640.829368647735,-2451.59374209435,-2514.52712526792
257.52,-640.820163992568,-2452.58349735337,-2513.53153546664
257.54,-641.810027425203,-2451.57380102564,-2513.53395283452
257.56,-642.799922933818,-2450.56386666884,-2513.53739701733
257.58,-644.790864502551,-2450.55460009078,-2512.54120701794
257.6,-645.78156748775,-2450.54436734675,-2511.54486111409
257.62,-645.773450442898,-2450.53280253506,-2512.5480079404
257.64,-645.765983190995,-2450.52146587125,-2514.55126110659
257.66,-642.087254318906,-2442.64892319121,-2518.33964484181
257.68,-637.988726915134,-2435.61897249827,-2521.39022362201
257.7,-631.971937874894,-2430.50115983745,-2523.90144121908
257.72,-630.912528244783,-2421.57921287929,-2528.66280105585
257.74,-630.102286666723,-2413.64037076347,-2534.67120276844
257.76,-621.338221354083,-2412.13299130098,-2534.13552224449
257.78,-612.094747417687,-2412.38036002666,-2531.38929250542
257.8,-610.995715750277,-2408.86762124047,-2533.88192019235
257.82,-614.11272451655,-2410.32920207739,-2536.22772906501
257.84,-616.597570594592,-2411.757465344,-2539.29586592116
257.86,-617.877663679387,-2414.09395789,-2541.36870507288
257.88,-619.339587478691,-2414.51866172102,-2543.251997621
257.9,-620.709811068929,-2413.99663563014,-2546.19797794374
257.92,-622.094090641559,-2414.78368569441,-2547.65074721844
257.94,-624.236016949731,-2414.76039575116,-2545.76503766743
257.96,-626.196997603375,-2416.54176120037,-2542.41699448498
257.98,-627.221733439161,-2415.45036267547,-2546.51055300928
258,-628.270955510754,-2414.53329265227,-2552.5527639417
258.02,-627.067450349395,-2419.55481167136,-2554.78434145327
258.04,-625.72402633963,-2420.57341434628,-2554.96346884291
258.06,-626.550501697916,-2418.64846031293,-2551.99743267362
258.08,-627.686124704204,-2418.41790878034,-2552.2287686773
258.1,-628.621882573174,-2418.76092399697,-2554.2060894215
258.12,-629.419804863391,-2418.78217942045,-2553.99411049739
258.14,-631.215860244339,-2417.61945813412,-2553.74982840117
258.16,-632.974742502726,-2416.61908684032,-2553.90389958121
258.18,-632.973820092198,-2417.8773854288,-2553.76950990755
258.2,-632.642199634868,-2418.38390940047,-2554.52707068146
258.22,-631.211932804606,-2418.11621861539,-2554.13673345842
258.24,-629.683576024504,-2417.86525613686,-2552.65933937477
258.26,-629.06922469545,-2417.41208059674,-2553.10814809833
258.28,-627.768154666493,-2417.8237220775,-2552.7717868343
258.3,-626.757451569501,-2418.13422448921,-2550.6682498746
258.32,-627.682700877808,-2418.43921447683,-2548.33701310701
258.34,-629.747768243164,-2418.72587713778,-2547.14170099615
258.36,-632.365879415687,-2420.15302355428,-2544.3414896568
258.38,-633.571847113919,-2423.82893365055,-2538.1320532696
258.4,-634.963533480637,-2429.8748868019,-2529.59336403722
258.42,-637.197265670308,-2434.66924716126,-2525.39931584868
258.44,-639.069140892095,-2437.37253342773,-2522.03617321812
258.46,-640.371034673842,-2437.9939839055,-2518.56676918401
258.48,-641.220790452383,-2438.13118908061,-2517.61577457811
258.5,-641.041677574718,-2438.20639065629,-2516.6700724837
258.52,-640.872522110649,-2437.244651571,-2514.69025530805
258.54,-642.716511541121,-2436.26399124088,-2513.69515854623
258.56,-642.713078484494,-2435.25957142864,-2512.69267141525
258.58,-641.708771142654,-2434.25416025019,-2511.68882697603
258.6,-641.704957114724,-2434.24821821463,-2511.68535130472
258.62,-642.700620140534,-2434.24376070902,-2511.68304347369
258.64,-643.695519690476,-2433.23946089287,-2511.68021183627
258.66,-642.689496742677,-2432.23526522797,-2510.67708801337
258.68,-642.682325778899,-2432.22997863919,-2509.67357892954
258.7,-643.67621681372,-2432.22582960263,-2509.66864924037
258.72,-642.668994802457,-2431.22250727561,-2509.66243787668
258.74,-641.662164672761,-2430.21676407818,-2509.65598175429
258.76,-641.655105611308,-2430.21177764445,-2508.64991531932
258.78,-641.649262866776,-2430.20688864407,-2507.64412356328
258.8,-642.644396211707,-2429.20074509257,-2506.63886268813
258.82,-643.640469332677,-2428.19422158755,-2504.63226967208
258.84,-643.635488812918,-2427.18750546997,-2503.62680589751
258.86,-643.62812111367,-2426.17985778573,-2504.62309722639
258.88,-643.619930769401,-2426.17430425592,-2505.62024484467
258.9,-643.612237028735,-2425.16963598291,-2505.618471445
258.92,-644.601160581153,-2423.16522179578,-2504.61783282446
258.94,-646.589810581926,-2424.1604606615,-2502.61740202079
258.96,-649.578489471625,-2424.15522426505,-2503.6159891018
258.98,-649.565975043824,-2419.15075631571,-2505.61498474822
259,-647.554500284441,-2414.14634427343,-2505.61461130908
259.02,-649.541112465325,-2414.13908093364,-2501.61617723284
259.04,-653.525602308912,-2417.13168030795,-2501.61784206678
259.06,-651.510800345086,-2417.12530764168,-2503.61727711967
259.08,-648.495620412075,-2416.11839197783,-2499.61623348289
259.1,-649.481197083183,-2416.10833245599,-2496.61626420759
259.12,-649.4660915912,-2415.09940942721,-2495.61677163206
259.14,-649.450000211532,-2413.08907437093,-2495.61741849666
259.16,-649.434298057073,-2411.07662517027,-2495.61661611449
259.18,-649.417966737644,-2410.06209936753,-2495.61486966628
259.2,-649.401477817245,-2409.04605632067,-2495.61563301981
259.22,-650.383935832982,-2408.03135430137,-2495.61665185524
259.24,-651.362585069085,-2408.01629718358,-2494.61941734876
259.26,-652.345349784551,-2408,-2492.62207472796
259.28,-652,-2409,-2489
259.3,-653,-2407,-2488
259.32,-655,-2405,-2488
259.34,-656,-2403,-2488
259.36,-656,-2403,-2487
259.38,-657,-2401,-2483
259.4,-658,-2398,-2480
259.42,-659,-2398,-2482
259.44,-660,-2398,-2486
259.46,-659,-2398,-2484
259.48,-659,-2398,-2480
259.5,-660,-2397,-2480
259.52,-661,-2396,-2479
259.54,-662,-2395,-2477
259.56,-662,-2394,-2476
259.58,-663,-2393,-2475
259.6,-665,-2391,-2474
259.62,-667,-2390,-2473
259.64,-668,-2389,-2472
259.66,-669,-2388,-2472
259.68,-671,-2388,-2471
259.7,-672,-2388,-2469
259.72,-673,-2387,-2466
259.74,-674,-2386,-2464
259.76,-675,-2385,-2464
259.78,-676,-2383,-2464
259.8,-677,-2382,-2463
259.82,-678,-2381,-2462
259.84,-680,-2380,-2462
259.86,-683,-2379,-2461
259.88,-685,-2378,-2459
259.9,-687,-2378,-2457
259.92,-689,-2378,-2456
259.94,-691,-2377,-2456
259.96,-693,-2376,-2456
259.98,-695,-2375,-2455
260,-696,-2373,-2454
260.02,-697,-2372,-2454
260.04,-699,-2371,-2453
260.06,-701,-2370,-2451
260.08,-703,-2370,-2449
260.1,-705,-2370,-2448
260.12,-706,-2370,-2448
260.14,-707,-2370,-2449
260.16,-709,-2369,-2448
260.18,-711,-2368,-2446
260.2,-713,-2367,-2446
260.22,-716,-2366,-2445
260.24,-718,-2366,-2444
260.26,-719,-2366,-2443
260.28,-722,-2366,-2441
260.3,-725,-2366,-2440
260.32,-728,-2366,-2440
260.34,-731,-2366,-2439
260.36,-733,-2366,-2438
260.38,-735,-2366,-2438
260.4,-738,-2366,-2437
260.42,-741,-2366,-2436
260.44,-743,-2366,-2436
260.46,-745,-2366,-2436
260.48,-747,-2366,-2436
260.5,-751,-2366,-2435
260.52,-755,-2366,-2433
260.54,-758,-2366,-2431
260.56,-762,-2366,-2429
260.58,-765,-2366,-2427
260.6,-768,-2366,-2426
260.62,-771,-2366,-2426
260.64,-774,-2367,-2426
260.66,-778,-2368,-2426
260.68,-782,-2369,-2426
260.7,-786,-2370,-2425
260.72,-789,-2370,-2424
260.74,-791,-2370,-2423
260.76,-794,-2371,-2422
260.78,-797,-2373,-2422
260.8,-800,-2376,-2422
260.82,-803,-2378,-2423
260.84,-807,-2378,-2424
260.86,-812,-2378,-2425
260.88,-815,-2378,-2426
260.9,-818,-2378,-2426
260.92,-822,-2379,-2426
260.94,-827,-2382,-2426
260.96,-833,-2385,-2426
260.98,-838,-2387,-2426
261,-844,-2388,-2431
261.02,-853,-2389,-2440
261.04,-855,-2394,-2440
261.06,-855,-2399,-2436
261.08,-856,-2397,-2435
261.1,-855,-2395,-2435
261.12,-858,-2398,-2435
261.14,-861,-2400,-2435
261.16,-864,-2401,-2437
261.18,-868,-2403,-2438
261.2,-872,-2405,-2439
261.22,-874,-2407,-2440
261.24,-877,-2409,-2441
261.26,-881,-2411,-2443
261.28,-884,-2413,-2444
261.3,-887,-2414,-2444
261.32,-890,-2416,-2445
261.34,-893,-2419,-2446
261.36,-895,-2421,-2447
261.38,-898,-2423,-2449
261.4,-900,-2425,-2452
261.42,-901,-2427,-2455
261.44,-904,-2430,-2457
261.46,-907,-2433,-2459
261.48,-908,-2434,-2460
261.5,-909,-2436,-2460
261.52,-912,-2439,-2460
261.54,-916,-2441,-2461
261.56,-919,-2443,-2461
261.58,-920,-2445,-2461
261.6,-921,-2447,-2464
261.62,-922,-2449,-2467
261.64,-921,-2452,-2469
261.66,-920,-2455,-2471
261.68,-921,-2457,-2473
261.7,-922,-2459,-2475
261.72,-923,-2461,-2477
261.74,-924,-2462,-2478
261.76,-924,-2464,-2479
261.78,-924,-2467,-2481
261.8,-925,-2469,-2483
261.82,-926,-2471,-2485
261.84,-926,-2473,-2486
261.86,-926,-2475,-2488
261.88,-926,-2476,-2491
261.9,-926,-2477,-2494
261.92,-926,-2479,-2496
261.94,-927,-2480,-2497
261.96,-928,-2480,-2498
261.98,-928,-2481,-2499
262,-928,-2483,-2499
262.02,-928,-2485,-2499
262.04,-928,-2487,-2501
262.06,-929,-2488,-2503
262.08,-930,-2489,-2505
262.1,-930,-2491,-2506
262.12,-930,-2492,-2508
262.14,-930,-2493,-2511
262.16,-929,-2494,-2512
262.18,-928,-2495,-2511
262.2,-927,-2496,-2511
262.22,-925,-2496,-2514
262.24,-924,-2497,-2518
262.26,-924,-2498,-2521
262.28,-924,-2499,-2522
262.3,-924,-2500,-2522
262.32,-924,-2499,-2522
262.34,-924,-2498,-2523
262.36,-923,-2499,-2525
262.38,-922,-2500,-2526
262.4,-922,-2500,-2528
262.42,-922,-2501,-2532
262.44,-922,-2502,-2534
262.46,-921,-2502,-2534
262.48,-920,-2502,-2535
262.5,-920,-2502,-2537
262.52,-919,-2503,-2539
262.54,-917,-2504,-2540
262.56,-916,-2505,-2541
262.58,-917,-2506,-2543
262.6,-917,-2505,-2544
262.62,-916,-2504,-2544
262.64,-915,-2503,-2544
262.66,-914,-2502,-2545
262.68,-914,-2503,-2546
262.7,-914,-2504,-2547
262.72,-913,-2504,-2548
262.74,-912,-2504,-2549
262.76,-912,-2504,-2551
262.78,-911,-2504,-2553
262.8,-909,-2504,-2555
262.82,-908,-2504,-2557
262.84,-908,-2504,-2558
262.86,-909,-2504,-2559
262.88,-909,-2503,-2561
262.9,-907,-2502,-2561
262.92,-906,-2502,-2561
262.94,-905,-2502,-2562
262.96,-905,-2502,-2563
262.98,-905,-2503,-2564
263,-904,-2504,-2564
263.02,-904,-2504,-2565
263.04,-904,-2504,-2568
263.06,-903,-2504,-2570
263.08,-902,-2504,-2570
263.1,-903,-2503,-2570
263.12,-905,-2506,-2575
263.14,-903,-2506,-2580
263.16,-903,-2501,-2574
263.18,-903,-2501,-2572
263.2,-903,-2501,-2576
263.22,-904,-2500,-2575
263.24,-901,-2500,-2574
263.26,-900,-2501,-2574
263.28,-898,-2506,-2577
263.3,-901,-2506,-2582
263.32,-906,-2501,-2584
263.34,-903,-2500,-2578
263.36,-900,-2501,-2575
263.38,-900,-2501,-2579
263.4,-899,-2500,-2581
263.42,-898,-2500,-2584
263.44,-897,-2500,-2586
263.46,-897,-2500,-2586
263.48,-897,-2499,-2586
263.5,-896,-2498,-2585
263.52,-895,-2497,-2583
263.54,-894,-2496,-2583
263.56,-895,-2496,-2585
263.58,-896,-2497,-2588
263.6,-896,-2498,-2590
263.62,-896,-2499,-2590
263.64,-895,-2499,-2590
263.66,-894,-2498,-2590
263.68,-894,-2497,-2589
263.7,-894,-2496,-2588
263.72,-894,-2495,-2588
263.74,-895,-2494,-2589
263.76,-895,-2493,-2591
263.78,-894,-2492,-2592
263.8,-894,-2493,-2593
263.82,-894,-2494,-2594
263.84,-894,-2494,-2594
263.86,-894,-2495,-2593
263.88,-894,-2495,-2592
263.9,-894,-2494,-2592
263.92,-894,-2494,-2593
263.94,-894,-2494,-2595
263.96,-893,-2494,-2596
263.98,-892,-2494,-2597
264,-892,-2494,-2598
264.02,-892,-2493,-2597
264.04,-892,-2492,-2596
264.06,-892,-2492,-2596
264.08,-892,-2491,-2597
264.1,-892,-2489,-2598
264.12,-892,-2488,-2598
264.14,-892,-2489,-2598
264.16,-892,-2490,-2598
264.18,-891,-2490,-2598
264.2,-891,-2490,-2598
264.22,-891,-2491,-2598
264.24,-890,-2491,-2598
264.26,-890,-2490,-2598
264.28,-890,-2490,-2598
264.3,-893,-2490,-2603
264.32,-891,-2490,-2604
264.34,-891,-2490,-2604
264.36,-893,-2488,-2606
264.38,-890,-2487,-2603
264.4,-890,-2488,-2601
264.42,-891,-2488,-2601
264.44,-892,-2489,-2601
264.46,-893,-2490,-2600
264.48,-894,-2490,-2600
264.5,-894,-2490,-2599
264.52,-894,-2489,-2599
264.54,-894,-2487,-2600
264.56,-894,-2486,-2600
264.58,-893,-2486,-2600
264.6,-892,-2487,-2600
264.62,-892,-2488,-2601
264.64,-892,-2487,-2601
264.66,-891,-2487,-2600
264.68,-890,-2487,-2600
264.7,-890,-2486,-2600
264.72,-890,-2487,-2601
264.74,-891,-2488,-2603
264.76,-891,-2489,-2603
264.78,-891,-2490,-2602
264.8,-892,-2489,-2603
264.82,-892,-2487,-2603
264.84,-891,-2486,-2601
264.86,-890,-2486,-2600
264.88,-890,-2486,-2601
264.9,-890,-2486,-2602
264.92,-890,-2486,-2602
264.94,-891,-2486,-2602
264.96,-892,-2485,-2603
264.98,-892,-2484,-2604
265,-891,-2485,-2604
265.02,-890,-2485,-2603
265.04,-889,-2484,-2602
265.06,-889,-2484,-2602
265.08,-890,-2484,-2602
265.1,-890,-2484,-2601
265.12,-891,-2484,-2601
265.14,-892,-2483,-2603
265.16,-892,-2483,-2604
265.18,-892,-2484,-2604
265.2,-891,-2484,-2604
265.22,-890,-2484,-2604
265.24,-891,-2484,-2603
265.26,-892,-2484,-2602
265.28,-892,-2484,-2602
265.3,-892,-2483,-2601
265.32,-891,-2482,-2601
265.34,-891,-2482,-2602
265.36,-892,-2482,-2602
265.38,-891,-2483,-2603
265.4,-890,-2484,-2605
265.42,-890,-2484,-2606
265.44,-890,-2484,-2605
265.46,-890,-2485,-2604
265.48,-889,-2485,-2604
265.5,-889,-2484,-2605
265.52,-890,-2484,-2606
265.54,-890,-2484,-2605
265.56,-890,-2483,-2604
265.58,-890,-2482,-2604
265.6,-890,-2482,-2604
265.62,-890,-2483,-2604
265.64,-890,-2483,-2604
265.66,-890,-2482,-2604
265.68,-890,-2482,-2604
265.7,-890,-2482,-2604
265.72,-890,-2483,-2604
265.74,-891,-2484,-2603
265.76,-892,-2484,-2602
265.78,-892,-2484,-2602
265.8,-891,-2484,-2601
265.82,-890,-2484,-2601
265.84,-889,-2484,-2603
265.86,-889,-2484,-2605
265.88,-890,-2484,-2606
265.9,-890,-2484,-2605
265.92,-890,-2484,-2604
265.94,-890,-2484,-2604
265.96,-890,-2484,-2604
265.98,-890,-2484,-2604
266,-890,-2484,-2604
266.02,-890,-2484,-2604
266.04,-891,-2484,-2604
266.06,-892,-2484,-2603
266.08,-892,-2484,-2602
266.1,-892,-2484,-2603
266.12,-893,-2484,-2605
266.14,-894,-2483,-2606
266.16,-893,-2483,-2606
266.18,-892,-2483,-2606
266.2,-892,-2482,-2606
266.22,-892,-2482,-2606
266.24,-892,-2483,-2605
266.26,-892,-2483,-2604
266.28,-892,-2482,-2604
266.3,-892,-2482,-2605
266.32,-892,-2483,-2606
266.34,-892,-2483,-2606
266.36,-892,-2482,-2606
266.38,-891,-2481,-2606
266.4,-890,-2480,-2607
266.42,-890,-2480,-2607
266.44,-890,-2480,-2606
266.46,-891,-2481,-2607
266.48,-892,-2483,-2607
266.5,-892,-2484,-2606
266.52,-891,-2484,-2606
266.54,-890,-2484,-2605
266.56,-890,-2484,-2605
266.58,-890,-2484,-2607
266.6,-890,-2485,-2607
266.62,-889,-2486,-2605
266.64,-888,-2486,-2604
266.66,-889,-2485,-2604
266.68,-890,-2484,-2604
266.7,-890,-2487,-2602
266.72,-892,-2488,-2604
266.74,-894,-2485,-2604
266.76,-894,-2480,-2600
266.78,-893,-2479,-2602
266.8,-892,-2482,-2605
266.82,-892,-2482,-2606
266.84,-892,-2483,-2607
266.86,-891,-2484,-2608
266.88,-890,-2484,-2608
266.9,-890,-2485,-2608
266.92,-890,-2486,-2606
266.94,-892,-2486,-2606
266.96,-890,-2486,-2606
266.98,-889,-2485,-2606
267,-891,-2484,-2607
267.02,-890,-2484,-2607
267.04,-890,-2484,-2607
267.06,-890,-2483,-2606
267.08,-890,-2482,-2606
267.1,-889,-2482,-2607
267.12,-888,-2482,-2608
267.14,-888,-2483,-2608
267.16,-889,-2484,-2607
267.18,-890,-2483,-2606
267.2,-890,-2482,-2606
267.22,-890,-2482,-2606
267.24,-890,-2482,-2605
267.26,-890,-2482,-2605
267.28,-890,-2482,-2606
267.3,-890,-2482,-2606
267.32,-890,-2483,-2606
267.34,-890,-2483,-2606
267.36,-890,-2482,-2606
267.38,-890,-2483,-2606
267.4,-892,-2482,-2607
267.42,-894,-2483,-2602
267.44,-892,-2485,-2600
267.46,-892,-2484,-2608
267.48,-893,-2484,-2610
267.5,-893,-2484,-2607
267.52,-893,-2484,-2607
267.54,-892,-2484,-2608
267.56,-891,-2484,-2608
267.58,-891,-2484,-2608
267.6,-892,-2484,-2607
267.62,-892,-2483,-2606
267.64,-891,-2482,-2606
267.66,-890,-2482,-2605
267.68,-889,-2482,-2604
267.7,-888,-2483,-2605
267.72,-888,-2484,-2606
267.74,-889,-2483,-2606
267.76,-890,-2483,-2606
267.78,-890,-2483,-2606
267.8,-890,-2482,-2606
267.82,-891,-2482,-2605
267.84,-891,-2483,-2604
267.86,-890,-2484,-2604
267.88,-890,-2484,-2605
267.9,-891,-2484,-2607
267.92,-892,-2484,-2607
267.94,-892,-2484,-2606
267.96,-891,-2484,-2606
267.98,-890,-2484,-2606
268,-890,-2484,-2606
268.02,-891,-2484,-2606
268.04,-891,-2484,-2606
268.06,-890,-2484,-2606
268.08,-890,-2484,-2606
268.1,-890,-2483,-2606
268.12,-890,-2482,-2607
268.14,-890,-2482,-2607
268.16,-889,-2482,-2606
268.18,-888,-2483,-2606
268.2,-887,-2484,-2603
268.22,-884,-2484,-2598
268.24,-884,-2484,-2598
268.26,-890,-2487,-2606
268.28,-891,-2487,-2608
268.3,-889,-2484,-2604
268.32,-890,-2484,-2605
268.34,-890,-2484,-2606
268.36,-889,-2483,-2606
268.38,-889,-2482,-2605
268.4,-889,-2483,-2605
268.42,-889,-2484,-2606
268.44,-890,-2483,-2606
268.46,-890,-2482,-2605
268.48,-890,-2482,-2604
268.5,-890,-2483,-2604
268.52,-890,-2484,-2604
268.54,-889,-2484,-2604
268.56,-887,-2485,-2604
268.58,-886,-2486,-2604
268.6,-886,-2486,-2605
268.62,-887,-2486,-2606
268.64,-888,-2486,-2606
268.66,-888,-2486,-2606
268.68,-888,-2486,-2606
268.7,-888,-2486,-2606
268.72,-888,-2486,-2606
268.74,-888,-2486,-2605
268.76,-888,-2486,-2604
268.78,-888,-2486,-2605
268.8,-888,-2485,-2605
268.82,-887,-2485,-2603
268.84,-887,-2486,-2602
268.86,-888,-2486,-2602
268.88,-888,-2487,-2602
268.9,-891,-2489,-2603
268.92,-892,-2488,-2606
268.94,-888,-2486,-2606
268.96,-890,-2485,-2608
268.98,-892,-2484,-2609
269,-889,-2484,-2605
269.02,-889,-2484,-2604
269.04,-889,-2483,-2604
269.06,-889,-2482,-2604
269.08,-889,-2482,-2605
269.1,-888,-2483,-2606
269.12,-888,-2484,-2606
269.14,-889,-2484,-2606
269.16,-889,-2484,-2605
269.18,-888,-2484,-2604
269.2,-888,-2483,-2603
269.22,-888,-2482,-2603
269.24,-888,-2482,-2604
269.26,-888,-2482,-2603
269.28,-885,-2483,-2605
269.3,-884,-2484,-2604
269.32,-888,-2484,-2604
269.34,-892,-2484,-2602
269.36,-891,-2484,-2601
269.38,-888,-2484,-2604
269.4,-888,-2484,-2603
269.42,-888,-2484,-2604
269.44,-887,-2487,-2606
269.46,-886,-2488,-2606
269.48,-890,-2485,-2606
269.5,-892,-2484,-2610
269.52,-892,-2485,-2608
269.54,-888,-2483,-2608
269.56,-888,-2482,-2609
269.58,-888,-2482,-2609
269.6,-887,-2482,-2608
269.62,-886,-2483,-2607
269.64,-886,-2483,-2607
269.66,-886,-2482,-2607
269.68,-886,-2483,-2605
269.7,-886,-2483,-2604
269.72,-885,-2482,-2604
269.74,-885,-2482,-2605
269.76,-886,-2482,-2606
269.78,-886,-2482,-2605
269.8,-886,-2483,-2604
269.82,-891,-2484,-2608
269.84,-895,-2485,-2612
269.86,-890,-2483,-2608
269.88,-886,-2480,-2606
269.9,-887,-2481,-2608
269.92,-887,-2482,-2608
269.94,-885,-2482,-2607
269.96,-885,-2482,-2605
269.98,-887,-2483,-2603
270,-891,-2484,-2607
270.02,-892,-2480,-2614
270.04,-886,-2480,-2616
270.06,-884,-2485,-2612
270.08,-886,-2484,-2609
270.1,-886,-2483,-2609
270.12,-887,-2484,-2607
270.14,-888,-2484,-2606
270.16,-888,-2483,-2605
270.18,-888,-2482,-2605
270.2,-889,-2482,-2606
270.22,-890,-2482,-2606
270.24,-889,-2483,-2606
270.26,-889,-2483,-2607
270.28,-889,-2482,-2607
270.3,-888,-2482,-2606
270.32,-887,-2482,-2606
270.34,-886,-2482,-2606
270.36,-886,-2482,-2606
270.38,-886,-2482,-2606
270.4,-886,-2482,-2607
270.42,-887,-2482,-2609
270.44,-889,-2482,-2611
270.46,-890,-2482,-2611
270.48,-889,-2482,-2609
270.5,-889,-2482,-2608
270.52,-890,-2482,-2608
270.54,-889,-2482,-2608
270.56,-889,-2482,-2609
270.58,-890,-2482,-2610
270.6,-890,-2482,-2610
270.62,-890,-2482,-2611
270.64,-890,-2482,-2612
270.66,-889,-2482,-2611
270.68,-889,-2482,-2610
270.7,-890,-2482,-2610
270.72,-891,-2482,-2609
270.74,-892,-2482,-2608
270.76,-891,-2481,-2609
270.78,-890,-2480,-2611
270.8,-890,-2480,-2612
270.82,-890,-2480,-2612
270.84,-890,-2480,-2612
270.86,-889,-2480,-2612
270.88,-889,-2480,-2612
270.9,-889,-2480,-2612
270.92,-888,-2480,-2611
270.94,-887,-2480,-2609
270.96,-887,-2479,-2609
270.98,-888,-2479,-2610
271,-888,-2480,-2611
271.02,-888,-2481,-2612
271.04,-888,-2482,-2613
271.06,-888,-2481,-2614
271.08,-887,-2480,-2613
271.1,-887,-2480,-2611
271.12,-887,-2481,-2610
271.14,-887,-2481,-2610
271.16,-889,-2479,-2610
271.18,-890,-2478,-2610
271.2,-890,-2478,-2610
271.22,-892,-2481,-2615
271.24,-892,-2482,-2616
271.26,-890,-2480,-2614
271.28,-892,-2482,-2612
271.3,-891,-2482,-2609
271.32,-889,-2481,-2610
271.34,-890,-2481,-2611
271.36,-890,-2480,-2612
271.38,-889,-2480,-2612
271.4,-888,-2480,-2613
271.42,-891,-2480,-2617
271.44,-892,-2480,-2618
271.46,-890,-2480,-2614
271.48,-892,-2483,-2614
271.5,-891,-2483,-2615
271.52,-889,-2480,-2614
271.54,-889,-2480,-2614
271.56,-888,-2480,-2614
271.58,-889,-2480,-2614
271.6,-890,-2480,-2614
271.62,-890,-2480,-2613
271.64,-890,-2480,-2612
271.66,-890,-2480,-2613
271.68,-890,-2481,-2615
271.7,-890,-2482,-2616
271.72,-890,-2482,-2616
271.74,-890,-2482,-2616
271.76,-889,-2482,-2616
271.78,-889,-2482,-2615
271.8,-889,-2482,-2613
271.82,-888,-2481,-2612
271.84,-888,-2480,-2613
271.86,-888,-2480,-2614
271.88,-888,-2480,-2614
271.9,-888,-2480,-2613
271.92,-888,-2480,-2613
271.94,-888,-2480,-2614
271.96,-888,-2480,-2615
271.98,-887,-2480,-2616
272,-887,-2480,-2614
272.02,-888,-2480,-2612
272.04,-887,-2481,-2613
272.06,-886,-2482,-2614
272.08,-887,-2483,-2613
272.1,-888,-2484,-2613
272.12,-889,-2483,-2614
272.14,-890,-2482,-2614
272.16,-891,-2482,-2614
272.18,-891,-2482,-2615
272.2,-889,-2481,-2616
272.22,-888,-2480,-2616
272.24,-888,-2480,-2616
272.26,-888,-2480,-2615
272.28,-888,-2481,-2614
272.3,-888,-2482,-2613
272.32,-888,-2482,-2612
272.34,-888,-2481,-2611
272.36,-888,-2480,-2611
272.38,-888,-2480,-2612
272.4,-888,-2479,-2613
272.42,-888,-2478,-2614
272.44,-888,-2478,-2614
272.46,-888,-2478,-2614
272.48,-889,-2479,-2615
272.5,-890,-2480,-2615
272.52,-889,-2481,-2615
272.54,-889,-2482,-2616
272.56,-890,-2482,-2616
272.58,-889,-2481,-2616
272.6,-888,-2480,-2615
272.62,-888,-2480,-2613
272.64,-888,-2479,-2612
272.66,-888,-2478,-2612
272.68,-888,-2479,-2612
272.7,-889,-2480,-2613
272.72,-890,-2480,-2614
272.74,-890,-2480,-2614
272.76,-890,-2480,-2615
272.78,-890,-2480,-2616
272.8,-892,-2480,-2614
272.82,-892,-2480,-2616
272.84,-890,-2480,-2618
272.86,-890,-2480,-2615
272.88,-890,-2480,-2614
272.9,-890,-2480,-2614
272.92,-891,-2480,-2614
272.94,-892,-2480,-2615
272.96,-891,-2480,-2616
272.98,-890,-2480,-2616
273,-889,-2480,-2616
273.02,-889,-2480,-2616
273.04,-890,-2480,-2615
273.06,-890,-2480,-2614
273.08,-890,-2481,-2615
273.1,-890,-2481,-2614
273.12,-890,-2481,-2613
273.14,-890,-2482,-2613
273.16,-890,-2482,-2612
273.18,-890,-2482,-2613
273.2,-890,-2482,-2614
273.22,-890,-2482,-2615
273.24,-890,-2482,-2616
273.26,-890,-2481,-2616
273.28,-890,-2480,-2616
273.3,-889,-2480,-2615
273.32,-888,-2480,-2613
273.34,-888,-2481,-2614
273.36,-888,-2482,-2616
273.38,-888,-2482,-2620
273.4,-888,-2481,-2619
273.42,-888,-2481,-2614
273.44,-889,-2482,-2614
273.46,-890,-2481,-2614
273.48,-890,-2480,-2613
273.5,-890,-2481,-2612
273.52,-890,-2481,-2612
273.54,-890,-2480,-2612
273.56,-889,-2480,-2613
273.58,-889,-2480,-2613
273.6,-890,-2480,-2611
273.62,-890,-2480,-2611
273.64,-890,-2480,-2613
273.66,-890,-2482,-2615
273.68,-888,-2482,-2614
273.7,-888,-2480,-2614
273.72,-892,-2482,-2614
273.74,-892,-2482,-2612
273.76,-890,-2480,-2612
273.78,-889,-2480,-2613
273.8,-889,-2480,-2614
273.82,-889,-2480,-2614
273.84,-888,-2480,-2614
273.86,-888,-2480,-2613
273.88,-889,-2481,-2612
273.9,-890,-2481,-2613
273.92,-890,-2480,-2613
273.94,-890,-2480,-2612
273.96,-890,-2479,-2612
273.98,-890,-2478,-2612
274,-890,-2478,-2612
274.02,-890,-2478,-2612
274.04,-889,-2478,-2612
274.06,-888,-2479,-2611
274.08,-888,-2480,-2611
274.1,-888,-2480,-2612
274.12,-888,-2481,-2611
274.14,-889,-2482,-2610
274.16,-889,-2482,-2610
274.18,-888,-2481,-2610
274.2,-887,-2481,-2609
274.22,-886,-2482,-2609
274.24,-887,-2482,-2610
274.26,-888,-2482,-2611
274.28,-888,-2481,-2612
274.3,-888,-2480,-2611
274.32,-888,-2480,-2611
274.34,-888,-2480,-2612
274.36,-888,-2480,-2612
274.38,-888,-2480,-2611
274.4,-889,-2480,-2610
274.42,-890,-2481,-2611
274.44,-890,-2482,-2612
274.46,-890,-2482,-2613
274.48,-890,-2482,-2613
274.5,-890,-2482,-2612
274.52,-890,-2482,-2612
274.54,-890,-2482,-2612
274.56,-889,-2482,-2611
274.58,-888,-2482,-2611
274.6,-888,-2482,-2612
274.62,-889,-2481,-2612
274.64,-889,-2480,-2610
274.66,-889,-2480,-2609
274.68,-890,-2480,-2610
274.7,-890,-2481,-2611
274.72,-890,-2482,-2613
274.74,-890,-2483,-2613
274.76,-890,-2484,-2613
274.78,-890,-2483,-2614
274.8,-890,-2482,-2613
274.82,-890,-2482,-2612
274.84,-890,-2482,-2612
274.86,-890,-2482,-2613
274.88,-890,-2482,-2614
274.9,-890,-2482,-2614
274.92,-890,-2482,-2614
274.94,-890,-2482,-2613
274.96,-890,-2482,-2613
274.98,-890,-2481,-2614
275,-890,-2480,-2614
275.02,-890,-2481,-2614
275.04,-890,-2481,-2615
275.06,-890,-2481,-2616
275.08,-890,-2482,-2615
275.1,-890,-2481,-2614
275.12,-890,-2480,-2614
275.14,-890,-2480,-2614
275.16,-890,-2480,-2615
275.18,-890,-2481,-2615
275.2,-890,-2482,-2614
275.22,-889,-2482,-2614
275.24,-888,-2481,-2614
275.26,-888,-2480,-2614
275.28,-889,-2480,-2614
275.3,-890,-2480,-2613
275.32,-890,-2480,-2612
275.34,-890,-2480,-2612
275.36,-890,-2480,-2611
275.38,-890,-2479,-2612
275.4,-890,-2478,-2614
275.42,-890,-2479,-2614
275.44,-890,-2480,-2614
275.46,-890,-2480,-2614
275.48,-890,-2480,-2615
275.5,-890,-2480,-2617
275.52,-890,-2480,-2617
275.54,-889,-2480,-2616
275.56,-889,-2480,-2616
275.58,-890,-2480,-2616
275.6,-890,-2481,-2615
275.62,-890,-2482,-2613
275.64,-888,-2481,-2610
275.66,-888,-2480,-2610
275.68,-892,-2480,-2616
275.7,-892,-2480,-2616
275.72,-889,-2480,-2612
275.74,-888,-2481,-2612
